Yearweek,Store,Product,Product_Adjactive,Stock_in_Quantity_Week,Return_Quantity_Week,Sales_Quantity_Week,Sales_Amount_Week,Discount_Amount_Week,Customer_Count_Week,Receipt_Count_Week,Sales_Quantity_Time,Last4weeks_Day,Last8weeks_Day,Max_Stock_Week,Min_Stock_Week,Avg_Stock_Week,Temperature Weekday,Weekly_Avg_Temprature,Weather_Condition_Weekday,Sales_Quantity_next_Week,special days,discount dates,sales closed,discounted_sales,Total Sales
201801,1001,1,2,62,38,120,1500,200,42,23,3,14,19,48,19,24,23,31,Cloudy,125,0,0,0,120,240
201801,1001,2,2,55,66,135,2000,180,50,40,3,28,33,76,33,38,42,31,Cloudy,130,0,0,0,135,270
201801,1001,3,2,69,34,128,2700,100,38,19,5,37,40,88,17,22,39,31,Cloudy,140,0,0,0,128,256
201801,1001,4,2,75,46,140,900,50,20,31,6,35,39,44,23,28,26,31,Cloudy,145,0,0,0,140,280
201801,1001,5,2,45,37,120,500,90,40,22,8,34,17,56,18,23,32,31,Cloudy,130,0,0,0,120,240
201801,1001,6,1,30,61,118,480,60,35,46,9,12,23,47,30,35,31,31,Cloudy,125,0,0,0,118,236
201801,1001,7,1,45,58,115,150,75,45,43,4,18,18,71,29,34,36,31,Cloudy,120,0,0,0,115,230
201801,1001,8,1,38,60,125,260,80,50,45,5,13,30,88,30,35,40,31,Cloudy,128,0,0,0,125,250
201801,1001,9,1,46,71,124,325,120,62,56,6,25,39,68,35,40,22,31,Cloudy,127,0,0,0,124,248
201801,1001,10,1,52,54,130,750,180,60,39,8,34,29,70,27,32,20,31,Cloudy,136,0,0,0,130,260
201801,1001,11,1,42,43,133,890,100,34,28,9,24,30,81,21,26,41,31,Cloudy,141,0,0,0,133,266
201801,1001,12,2,48,36,130,560,150,50,21,7,25,35,64,18,23,31,31,Cloudy,139,0,0,0,130,260
201801,1001,13,1,50,61,115,180,50,60,46,5,30,27,90,30,35,39,31,Cloudy,120,0,0,0,115,230
201801,1001,14,1,46,31,128,320,60,36,16,6,22,40,53,15,20,20,31,Cloudy,139,0,0,0,128,256
201801,1001,15,1,39,54,132,360,50,52,39,3,35,21,46,27,32,31,31,Cloudy,141,0,0,0,132,264
201801,1001,16,1,50,57,155,600,40,45,42,4,16,18,71,28,33,38,31,Cloudy,125,0,0,0,155,310
201801,1001,17,1,48,68,140,900,150,39,35,8,13,30,41,34,39,25,31,Cloudy,156,0,0,0,140,280
201801,1001,18,1,52,30,115,1200,20,35,15,9,25,15,64,15,20,44,31,Cloudy,123,0,0,0,115,230
201801,1001,19,1,60,74,145,500,100,40,36,8,10,27,67,29,34,43,31,Cloudy,153,0,0,0,145,290
201801,1001,20,0,40,58,130,1500,150,35,30,9,38,28,78,23,28,20,31,Cloudy,136,0,0,0,130,260
201801,1001,21,1,60,47,140,560,30,69,32,8,36,34,88,22,27,20,31,Cloudy,154,0,0,0,140,280
201802,1002,1,1,54,24,104,662,41,25,19,4,13,25,56,23,34,34,31,sunny,124,0,0,0,104,208
201802,1002,2,1,76,46,126,2588,156,54,45,9,34,46,93,39,56,44,31,sunny,150,0,0,0,126,252
201802,1002,3,2,73,43,123,2362,142,51,42,9,32,43,88,37,53,29,31,sunny,147,0,0,0,123,246
201802,1002,4,1,57,27,107,988,61,30,24,5,17,28,63,25,37,25,31,sunny,129,0,0,0,107,214
201802,1002,5,2,65,35,115,1638,99,40,32,6,24,35,75,31,45,30,31,sunny,137,0,0,0,115,230
201802,1002,6,2,63,33,113,1514,92,38,31,6,23,34,72,30,43,20,31,sunny,136,0,0,0,113,226
201802,1002,7,2,70,40,120,2059,124,46,38,8,28,40,83,34,50,25,31,sunny,143,0,0,0,120,240
201802,1002,8,2,74,44,124,2430,146,52,43,9,32,44,90,38,54,31,31,sunny,148,0,0,0,124,248
201802,1002,9,1,52,22,102,553,35,23,18,3,12,23,54,22,32,32,31,sunny,123,0,0,0,102,204
201802,1002,10,1,50,20,100,376,24,21,16,3,10,21,51,20,30,26,31,sunny,121,0,0,0,100,200
201802,1002,11,2,75,45,125,2557,154,54,45,9,34,46,92,39,55,26,31,sunny,150,0,0,0,125,250
201802,1002,12,1,63,33,113,1468,89,37,30,6,22,33,72,29,43,25,31,sunny,135,0,0,0,113,226
201802,1002,13,2,73,43,123,2358,142,51,42,9,32,43,88,37,53,31,31,sunny,147,0,0,0,123,246
201802,1002,14,2,50,20,100,305,20,20,15,3,10,21,50,20,30,27,31,sunny,120,0,0,0,100,200
201802,1002,15,1,63,33,113,1502,91,38,31,6,22,34,72,30,43,20,31,sunny,136,0,0,0,113,226
201802,1002,16,2,72,42,122,2248,136,49,40,8,30,42,86,36,52,41,31,sunny,145,0,0,0,122,244
201802,1002,17,2,57,27,107,917,56,29,23,4,16,27,61,25,37,34,31,sunny,128,0,0,0,107,214
201802,1002,18,1,79,49,129,2853,172,58,49,10,37,49,98,41,59,36,31,sunny,154,0,0,0,129,258
201802,1002,19,1,77,47,127,2734,165,56,47,10,36,48,95,40,57,24,31,sunny,152,0,0,0,127,254
201802,1002,20,2,50,20,100,382,24,21,16,3,10,21,51,20,30,45,31,sunny,121,0,0,0,100,200
201802,1002,21,1,50,20,100,368,24,21,15,3,10,21,51,20,30,42,31,sunny,120,0,0,0,100,200
201803,1003,1,1,59,36,108,674,50,27,19,3,25,37,77,32,32,26,33,sunny,139,0,0,0,108,216
201803,1003,2,2,81,49,127,2343,157,54,46,8,37,49,97,41,58,42,33,sunny,153,0,0,0,127,254
201803,1003,3,2,78,31,124,2147,145,51,43,7,21,32,69,28,55,40,33,sunny,133,0,0,0,124,248
201803,1003,4,1,62,26,111,957,68,31,24,4,16,27,61,24,37,28,33,sunny,127,0,0,0,111,222
201803,1003,5,1,70,33,117,1519,104,40,33,5,22,33,71,29,45,34,33,sunny,135,0,0,0,117,234
201803,1003,6,1,68,20,116,1412,97,39,31,5,10,21,51,20,44,33,33,sunny,121,0,0,0,116,232
201803,1003,7,2,75,26,121,1885,128,46,39,6,16,27,61,25,51,37,33,sunny,127,0,0,0,121,242
201803,1003,8,2,79,33,125,2206,149,51,44,7,22,34,72,30,56,41,33,sunny,135,0,0,0,125,250
201803,1003,9,1,57,35,107,579,44,25,18,3,24,35,75,31,31,25,33,sunny,137,0,0,0,107,214
201803,1003,10,1,55,27,105,426,34,23,16,3,16,27,61,25,29,23,33,sunny,128,0,0,0,105,210
201803,1003,11,2,80,27,126,2316,156,53,45,8,16,27,61,25,58,42,33,sunny,128,0,0,0,126,252
201803,1003,12,1,68,26,116,1373,95,38,31,5,16,27,61,25,43,32,33,sunny,127,0,0,0,116,232
201803,1003,13,2,78,34,124,2144,145,50,43,7,23,34,73,30,55,40,33,sunny,136,0,0,0,124,248
201803,1003,14,1,55,28,105,364,30,22,15,3,18,29,64,26,28,23,33,sunny,130,0,0,0,105,210
201803,1003,15,1,68,20,116,1402,97,38,31,5,10,21,51,20,44,33,33,sunny,120,0,0,0,116,232
201803,1003,16,2,77,45,123,2049,138,49,41,7,34,46,92,39,53,39,33,sunny,150,0,0,0,123,246
201803,1003,17,1,62,37,110,895,64,30,23,4,26,37,78,32,36,28,33,sunny,140,0,0,0,110,220
201803,1003,18,2,84,39,129,2572,172,57,49,8,28,40,82,34,62,44,33,sunny,143,0,0,0,129,258
201803,1003,19,2,82,25,128,2470,166,56,48,8,15,26,59,24,60,43,33,sunny,126,0,0,0,128,256
201803,1003,20,1,55,50,105,431,34,23,16,3,38,50,100,42,29,23,33,sunny,155,0,0,0,105,210
201803,1003,21,1,55,46,105,419,33,22,15,3,34,46,93,39,28,23,33,sunny,150,0,0,0,105,210
201804,1004,1,1,54,24,109,787,54,30,20,2,17,27,62,26,47,35,33,rainy,124,0,0,0,109,218
201804,1004,2,2,80,44,135,2528,158,53,41,7,35,46,94,40,61,44,33,rainy,146,0,0,0,135,270
201804,1004,3,2,77,42,132,2324,146,51,38,7,33,44,90,38,41,31,33,rainy,143,0,0,0,132,264
201804,1004,4,1,59,28,114,1082,72,34,23,3,20,30,67,28,35,27,33,rainy,127,0,0,0,114,228
201804,1004,5,1,67,34,122,1669,107,42,30,5,26,37,78,33,43,32,33,rainy,135,0,0,0,122,244
201804,1004,6,1,66,33,121,1557,100,40,29,5,25,36,76,32,29,23,33,rainy,133,0,0,0,121,242
201804,1004,7,2,73,39,128,2050,130,47,35,6,30,41,85,36,35,28,33,rainy,140,0,0,0,128,256
201804,1004,8,2,78,43,133,2385,150,52,39,7,33,45,91,38,43,33,33,rainy,144,0,0,0,133,266
201804,1004,9,1,53,23,108,689,48,29,18,2,16,26,60,25,45,34,33,rainy,122,0,0,0,108,216
201804,1004,10,1,51,21,106,529,39,26,16,2,14,24,57,24,36,28,33,rainy,120,0,0,0,106,212
201804,1004,11,2,80,44,135,2500,157,53,41,7,34,46,93,39,36,28,33,rainy,145,0,0,0,135,270
201804,1004,12,1,65,33,120,1516,98,40,28,5,24,35,75,32,35,28,33,rainy,133,0,0,0,120,240
201804,1004,13,2,77,42,132,2320,146,51,38,7,33,44,90,38,44,33,33,rainy,143,0,0,0,132,264
201804,1004,14,1,50,21,105,465,35,26,16,2,14,24,56,24,38,29,33,rainy,120,0,0,0,105,210
201804,1004,15,1,66,33,121,1547,100,40,29,5,25,36,76,32,28,23,33,rainy,133,0,0,0,121,242
201804,1004,16,2,75,41,130,2221,140,49,37,7,32,43,88,37,58,42,33,rainy,142,0,0,0,130,260
201804,1004,17,1,58,27,113,1018,68,33,22,3,19,30,66,28,48,35,33,rainy,127,0,0,0,113,226
201804,1004,18,2,84,47,139,2767,173,57,44,8,37,49,98,41,51,37,33,rainy,149,0,0,0,139,278
201804,1004,19,2,82,46,137,2660,166,55,43,8,36,48,96,41,34,27,33,rainy,147,0,0,0,137,274
201804,1004,20,1,51,21,106,534,39,27,16,2,14,24,57,24,63,45,33,rainy,120,0,0,0,106,212
201804,1004,21,1,50,21,105,522,38,26,16,2,14,24,57,24,58,42,33,rainy,120,0,0,0,105,210
201801,1005,1,1,63,36,113,736,55,27,22,3,27,38,80,34,34,25,32,rainy,136,2,201801,201802,226,339
201801,1005,2,2,82,47,136,2519,167,50,41,8,37,49,98,41,58,42,32,rainy,149,2,201801,201802,263,399
201801,1005,3,2,79,31,133,2310,154,47,39,8,23,34,73,31,55,40,32,rainy,131,2,201801,201802,258,391
201801,1005,4,1,66,27,117,1037,74,31,25,4,19,29,65,28,38,28,32,rainy,126,2,201801,201802,233,350
201801,1005,5,1,72,32,124,1639,112,38,32,5,24,35,74,32,46,33,32,rainy,133,2,201801,201802,245,369
201801,1005,6,1,71,21,123,1524,105,37,31,5,14,24,57,24,45,32,32,rainy,120,2,201801,201802,242,365
201801,1005,7,2,76,27,129,2029,136,43,36,7,19,29,65,28,52,37,32,rainy,126,2,201801,201802,253,382
201801,1005,8,2,80,33,134,2372,158,48,40,8,24,35,75,32,56,40,32,rainy,133,2,201801,201802,260,394
201801,1005,9,1,62,34,112,634,49,26,21,2,26,37,78,33,33,24,32,rainy,135,2,201801,201802,224,336
201801,1005,10,1,60,27,109,470,39,23,19,2,19,30,66,28,30,22,32,rainy,127,2,201801,201802,221,330
201801,1005,11,2,81,27,135,2490,165,49,41,8,19,30,66,28,58,42,32,rainy,127,2,201801,201802,262,397
201801,1005,12,1,71,27,122,1482,102,36,30,5,19,29,65,28,44,32,32,rainy,126,2,201801,201802,242,364
201801,1005,13,2,79,33,133,2306,153,47,39,8,25,36,76,32,55,40,32,rainy,134,2,201801,201802,258,391
201801,1005,14,1,60,29,109,405,35,23,19,2,21,31,69,29,30,22,32,rainy,128,2,201801,201802,220,329
201801,1005,15,1,71,21,123,1513,104,37,31,5,14,24,56,24,45,32,32,rainy,120,2,201801,201802,242,365
201801,1005,16,2,78,44,132,2204,147,46,38,7,34,46,93,39,54,39,32,rainy,145,2,201801,201802,256,388
201801,1005,17,1,65,36,116,972,70,30,25,3,27,39,81,34,37,27,32,rainy,137,2,201801,201802,231,347
201801,1005,18,2,84,38,139,2764,182,53,44,9,30,41,84,36,62,44,32,rainy,139,2,201801,201802,268,407
201801,1005,19,2,83,26,137,2654,175,51,43,9,18,29,64,27,60,43,32,rainy,125,2,201801,201802,265,402
201801,1005,20,1,60,48,109,476,39,23,19,2,38,50,100,42,31,22,32,rainy,150,2,201801,201802,221,330
201801,1005,21,1,60,45,109,463,38,23,19,2,35,47,94,40,30,22,32,rainy,146,2,201801,201802,221,330
201802,1006,1,1,53,27,121,739,47,33,21,3,16,25,61,28,48,34,32,cloudy,112,0,0,0,121,242
201802,1006,2,2,72,45,137,2272,141,51,37,8,31,46,92,39,61,44,32,cloudy,141,0,0,0,137,274
201802,1006,3,2,69,43,135,2092,130,49,35,8,30,44,88,38,42,31,32,cloudy,138,0,0,0,135,270
201802,1006,4,1,56,30,124,998,63,36,24,4,19,29,66,30,37,27,32,cloudy,117,0,0,0,124,248
201802,1006,5,1,62,36,129,1515,94,42,29,6,24,36,77,33,44,32,32,cloudy,127,0,0,0,129,258
201802,1006,6,1,61,35,128,1416,88,41,28,6,23,35,75,33,30,22,32,cloudy,125,0,0,0,128,256
201802,1006,7,2,66,40,133,1851,115,46,33,7,27,40,84,36,37,27,32,cloudy,133,0,0,0,133,266
201802,1006,8,2,70,43,136,2146,133,49,36,8,30,44,89,38,44,32,32,cloudy,139,0,0,0,136,272
201802,1006,9,1,52,26,121,651,42,32,21,3,15,24,60,27,46,33,32,cloudy,110,0,0,0,121,242
201802,1006,10,1,50,24,119,510,33,30,19,3,14,22,57,26,37,27,32,cloudy,108,0,0,0,119,238
201802,1006,11,2,71,44,137,2247,139,50,37,8,31,46,91,39,37,27,32,cloudy,141,0,0,0,137,274
201802,1006,12,1,61,34,128,1380,86,40,28,6,23,34,74,32,37,27,32,cloudy,124,0,0,0,128,256
201802,1006,13,2,69,43,135,2089,129,49,35,8,30,44,88,38,45,33,32,cloudy,138,0,0,0,135,270
201802,1006,14,1,50,24,119,454,30,30,19,3,14,22,56,26,39,28,32,cloudy,107,0,0,0,119,238
201802,1006,15,1,61,35,128,1408,88,41,28,6,23,34,75,33,30,22,32,cloudy,125,0,0,0,128,256
201802,1006,16,2,68,42,134,2002,124,48,34,8,29,42,87,37,58,42,32,cloudy,136,0,0,0,134,268
201802,1006,17,1,55,29,124,942,59,35,24,4,18,28,65,29,48,35,32,cloudy,116,0,0,0,124,248
201802,1006,18,2,74,47,139,2483,153,53,39,9,33,49,96,41,51,37,32,cloudy,145,0,0,0,139,278
201802,1006,19,2,73,46,138,2388,148,52,38,9,32,48,94,40,36,26,32,cloudy,143,0,0,0,138,276
201802,1006,20,1,50,24,119,515,34,30,19,3,14,22,57,26,63,45,32,cloudy,108,0,0,0,119,238
201802,1006,21,1,50,24,119,504,33,30,19,3,14,22,57,26,59,42,32,cloudy,108,0,0,0,119,238
201803,1007,1,1,56,37,110,782,56,33,24,2,25,37,79,34,37,24,32,cloudy,129,0,0,0,110,220
201803,1007,2,2,80,47,135,2280,142,54,38,7,33,49,96,41,59,42,32,cloudy,145,0,0,0,135,270
201803,1007,3,2,77,33,132,2104,132,52,36,7,22,33,72,32,56,40,32,cloudy,122,0,0,0,132,264
201803,1007,4,1,60,29,114,1035,70,37,26,3,18,28,65,29,40,27,32,cloudy,115,0,0,0,114,228
201803,1007,5,1,68,34,123,1540,99,44,31,4,22,34,74,32,48,33,32,cloudy,124,0,0,0,123,246
201803,1007,6,1,67,24,121,1444,94,43,30,4,14,22,57,26,46,32,32,cloudy,108,0,0,0,121,242
201803,1007,7,2,74,29,128,1868,118,48,34,6,18,28,65,29,53,37,32,cloudy,116,0,0,0,128,256
201803,1007,8,2,78,34,133,2157,135,52,36,7,23,34,74,33,57,40,32,cloudy,124,0,0,0,133,266
201803,1007,9,1,55,36,109,697,51,32,23,1,24,36,77,33,35,23,32,cloudy,127,0,0,0,109,218
201803,1007,10,1,52,29,106,559,43,30,22,1,18,28,66,29,33,21,32,cloudy,116,0,0,0,106,212
201803,1007,11,2,80,29,135,2255,141,54,37,7,18,28,65,29,58,41,32,cloudy,116,0,0,0,135,270
201803,1007,12,1,66,29,121,1409,92,42,30,4,18,28,65,29,46,31,32,cloudy,115,0,0,0,121,242
201803,1007,13,2,77,35,132,2101,132,52,36,7,23,35,75,33,56,40,32,cloudy,125,0,0,0,132,264
201803,1007,14,1,52,31,106,504,40,30,22,1,20,30,68,30,33,21,32,cloudy,118,0,0,0,106,212
201803,1007,15,1,67,24,121,1435,93,42,30,4,14,22,56,26,46,32,32,cloudy,107,0,0,0,121,242
201803,1007,16,2,76,44,131,2015,127,50,35,6,31,46,92,39,55,39,32,cloudy,141,0,0,0,131,262
201803,1007,17,1,59,37,114,980,67,36,26,2,25,38,79,34,40,26,32,cloudy,129,0,0,0,114,228
201803,1007,18,2,84,40,139,2486,154,57,39,8,27,40,83,36,62,44,32,cloudy,133,0,0,0,139,278
201803,1007,19,2,82,28,137,2393,149,56,39,8,17,27,63,28,60,43,32,cloudy,114,0,0,0,137,274
201803,1007,20,1,53,48,107,564,43,30,22,1,34,50,98,41,33,21,32,cloudy,147,0,0,0,107,214
201803,1007,21,1,52,45,106,553,43,30,22,1,32,46,92,39,33,21,32,cloudy,142,0,0,0,106,212
201804,1008,1,1,61,24,108,636,60,32,22,2,17,25,65,25,49,34,32,sunny,115,0,0,0,108,216
201804,1008,2,2,81,47,140,2419,143,54,37,8,35,44,93,39,62,44,32,sunny,144,0,0,0,140,280
201804,1008,3,2,79,44,136,2210,133,51,36,7,33,41,89,37,44,30,32,sunny,141,0,0,0,136,272
201804,1008,4,1,65,28,114,937,74,35,25,3,20,28,69,27,39,26,32,sunny,120,0,0,0,114,228
201804,1008,5,1,71,35,124,1539,102,43,30,5,26,34,79,32,46,31,32,sunny,130,0,0,0,124,248
201804,1008,6,1,70,34,122,1424,97,41,29,5,25,33,77,31,33,21,32,sunny,128,0,0,0,122,244
201804,1008,7,2,76,40,131,1929,120,48,33,6,30,38,85,35,39,26,32,sunny,136,0,0,0,131,262
201804,1008,8,2,80,45,137,2272,136,52,36,8,33,42,90,37,46,31,32,sunny,142,0,0,0,137,274
201804,1008,9,1,60,23,107,534,55,30,21,1,16,24,63,24,48,33,32,sunny,113,0,0,0,107,214
201804,1008,10,1,58,20,104,370,48,28,20,1,14,22,61,23,40,26,32,sunny,111,0,0,0,104,208
201804,1008,11,2,81,46,139,2390,141,53,37,8,34,43,92,38,40,26,32,sunny,144,0,0,0,139,278
201804,1008,12,1,70,33,122,1382,95,41,29,4,24,33,76,31,39,26,32,sunny,127,0,0,0,122,244
201804,1008,13,2,79,44,136,2206,133,51,36,7,33,41,89,37,47,32,32,sunny,141,0,0,0,136,272
201804,1008,14,1,58,20,103,305,45,28,20,1,14,22,60,23,41,28,32,sunny,110,0,0,0,103,206
201804,1008,15,1,70,34,122,1413,96,41,29,5,25,33,77,31,33,21,32,sunny,128,0,0,0,122,244
201804,1008,16,2,78,43,134,2104,128,50,35,7,32,40,88,36,58,41,32,sunny,139,0,0,0,134,268
201804,1008,17,1,64,27,113,872,71,35,24,3,19,27,68,27,50,34,32,sunny,119,0,0,0,113,226
201804,1008,18,2,84,50,144,2664,154,57,39,9,37,46,96,40,52,37,32,sunny,148,0,0,0,144,288
201804,1008,19,2,83,48,142,2554,149,55,38,9,36,45,95,40,38,25,32,sunny,146,0,0,0,142,284
201804,1008,20,1,58,20,104,376,48,28,20,1,14,22,61,23,63,45,32,sunny,111,0,0,0,104,208
201804,1008,21,1,58,20,104,363,47,28,20,1,14,22,60,23,59,42,32,sunny,111,0,0,0,104,208
201801,1009,1,1,55,37,105,776,61,26,23,3,27,36,81,33,37,27,34,sunny,132,0,0,0,105,210
201801,1009,2,2,80,50,134,2773,151,53,40,8,37,46,96,40,59,42,34,sunny,148,0,0,0,134,268
201801,1009,3,2,77,32,131,2539,141,50,38,8,23,31,74,30,56,41,34,sunny,125,0,0,0,131,262
201801,1009,4,1,59,26,110,1114,77,30,26,4,19,27,68,27,40,30,34,sunny,118,0,0,0,110,220
201801,1009,5,1,68,33,120,1787,107,39,31,5,24,32,76,31,48,35,34,sunny,127,0,0,0,120,240
201801,1009,6,1,66,20,118,1659,101,38,30,5,14,22,61,23,46,34,34,sunny,111,0,0,0,118,236
201801,1009,7,2,73,27,126,2225,127,45,35,7,19,27,68,27,53,38,34,sunny,119,0,0,0,126,252
201801,1009,8,2,78,34,132,2609,144,50,38,8,24,33,77,31,57,41,34,sunny,127,0,0,0,132,264
201801,1009,9,1,54,35,103,662,56,24,22,2,26,34,79,32,35,26,34,sunny,130,0,0,0,103,206
201801,1009,10,1,51,27,101,479,48,22,20,2,19,28,69,27,33,25,34,sunny,119,0,0,0,101,202
201801,1009,11,2,80,27,134,2740,150,52,40,8,19,28,69,27,58,42,34,sunny,119,0,0,0,134,268
201801,1009,12,1,66,27,117,1612,99,37,30,5,19,27,68,27,46,34,34,sunny,118,0,0,0,117,234
201801,1009,13,2,77,34,131,2535,141,49,38,8,25,33,77,31,56,41,34,sunny,128,0,0,0,131,262
201801,1009,14,1,51,29,100,405,45,21,20,2,21,29,71,28,33,25,34,sunny,121,0,0,0,100,200
201801,1009,15,1,66,20,118,1647,101,37,30,5,14,22,60,23,46,34,34,sunny,110,0,0,0,118,236
201801,1009,16,2,76,46,129,2421,135,48,37,7,34,43,92,38,55,40,34,sunny,144,0,0,0,129,258
201801,1009,17,1,59,37,109,1040,73,29,25,3,27,36,81,33,40,29,34,sunny,132,0,0,0,109,218
201801,1009,18,2,84,40,138,3047,164,56,42,9,30,38,85,35,62,44,34,sunny,136,0,0,0,138,276
201801,1009,19,2,82,25,136,2924,158,55,41,9,18,26,67,26,60,43,34,sunny,117,0,0,0,136,272
201801,1009,20,1,52,51,101,485,48,22,20,2,38,47,98,41,33,25,34,sunny,150,0,0,0,101,202
201801,1009,21,1,51,47,101,471,48,21,20,2,35,44,93,39,33,25,34,sunny,145,0,0,0,101,202
201802,1010,1,1,55,30,125,828,70,25,24,2,21,29,58,28,49,36,34,cloudy,119,2,201802,201803,244,369
201802,1010,2,2,82,48,146,2782,153,50,45,7,35,47,91,38,62,44,34,cloudy,147,2,201802,201803,266,412
201802,1010,3,2,79,46,144,2553,143,47,42,7,34,45,87,37,44,33,34,cloudy,143,2,201802,201803,263,407
201802,1010,4,1,60,33,129,1159,84,29,27,3,24,32,63,30,39,29,34,cloudy,123,2,201802,201803,247,376
201802,1010,5,1,69,39,136,1817,112,38,34,5,28,38,75,33,46,33,34,cloudy,133,2,201802,201803,255,391
201802,1010,6,1,67,38,135,1692,107,36,33,5,27,37,73,33,33,25,34,cloudy,131,2,201802,201803,253,388
201802,1010,7,2,75,43,140,2246,130,43,39,6,32,42,82,36,39,29,34,cloudy,139,2,201802,201803,260,400
201802,1010,8,2,80,46,144,2621,146,48,43,7,34,45,89,38,46,34,34,cloudy,144,2,201802,201803,264,408
201802,1010,9,1,54,29,124,717,65,24,22,2,20,28,56,28,48,35,34,cloudy,117,2,201802,201803,242,366
201802,1010,10,1,52,27,122,537,58,21,20,2,19,26,53,27,40,29,34,cloudy,115,2,201802,201803,240,362
201802,1010,11,2,81,47,146,2750,151,50,45,7,35,46,91,38,40,29,34,cloudy,146,2,201802,201803,265,411
201802,1010,12,1,67,37,134,1646,105,36,32,5,27,36,72,33,39,29,34,cloudy,130,2,201802,201803,253,387
201802,1010,13,2,79,46,144,2549,143,47,42,7,34,45,87,37,47,34,34,cloudy,143,2,201802,201803,263,407
201802,1010,14,1,51,27,122,465,55,21,20,2,19,26,52,27,41,31,34,cloudy,114,2,201802,201803,240,362
201802,1010,15,1,67,38,134,1680,106,36,33,5,27,37,72,33,33,25,34,cloudy,131,2,201802,201803,253,387
201802,1010,16,2,77,45,142,2437,138,46,41,7,33,44,85,37,58,42,34,cloudy,142,2,201802,201803,262,404
201802,1010,17,1,59,32,128,1087,81,29,26,3,23,31,62,30,50,36,34,cloudy,122,2,201802,201803,247,375
201802,1010,18,2,85,50,149,3050,164,54,48,8,37,49,96,40,52,38,34,cloudy,150,2,201802,201803,269,418
201802,1010,19,2,84,49,148,2930,159,52,47,8,37,48,94,39,38,28,34,cloudy,149,2,201802,201803,267,415
201802,1010,20,1,52,27,122,543,58,22,20,2,19,26,53,27,63,45,34,cloudy,115,2,201802,201803,240,362
201802,1010,21,1,51,27,122,529,57,21,20,2,19,26,53,27,59,43,34,cloudy,114,2,201802,201803,240,362
201803,1011,1,1,60,40,108,914,66,24,27,3,29,39,77,34,35,27,34,cloudy,135,0,0,0,108,216
201803,1011,2,2,83,50,143,2798,152,50,46,8,37,49,96,40,58,42,34,cloudy,150,0,0,0,143,286
201803,1011,3,2,80,36,139,2577,142,47,43,8,26,35,69,32,56,41,34,cloudy,128,0,0,0,139,278
201803,1011,4,1,64,32,114,1233,80,29,30,4,23,31,62,30,39,30,34,cloudy,122,0,0,0,114,228
201803,1011,5,1,71,37,126,1868,109,37,36,6,27,36,71,32,47,35,34,cloudy,130,0,0,0,126,252
201803,1011,6,1,70,27,124,1747,104,36,35,6,19,26,53,27,45,34,34,cloudy,115,0,0,0,124,248
201803,1011,7,2,76,32,133,2280,128,43,40,7,23,31,62,30,52,38,34,cloudy,122,0,0,0,133,266
201803,1011,8,2,81,37,140,2643,145,48,44,8,27,36,72,33,57,41,34,cloudy,131,0,0,0,140,280
201803,1011,9,1,59,39,106,807,61,23,26,3,28,38,75,33,34,26,34,cloudy,133,0,0,0,106,212
201803,1011,10,1,56,32,103,634,53,21,24,3,23,31,62,30,31,25,34,cloudy,123,0,0,0,103,206
201803,1011,11,2,82,32,142,2767,151,50,45,8,23,31,62,30,58,42,34,cloudy,123,0,0,0,142,284
201803,1011,12,1,69,32,123,1702,102,35,35,6,23,31,62,30,45,34,34,cloudy,122,0,0,0,123,246
201803,1011,13,2,80,38,139,2573,142,47,43,8,28,37,73,33,56,41,34,cloudy,131,0,0,0,139,278
201803,1011,14,1,56,34,102,565,50,20,24,3,24,33,65,31,31,25,34,cloudy,125,0,0,0,102,204
201803,1011,15,1,70,27,123,1736,103,36,35,6,19,26,53,27,45,34,34,cloudy,114,0,0,0,123,246
201803,1011,16,2,79,47,137,2465,137,45,42,8,35,46,91,38,54,40,34,cloudy,146,0,0,0,137,274
201803,1011,17,1,63,40,113,1164,77,28,29,4,30,39,78,34,38,29,34,cloudy,135,0,0,0,113,226
201803,1011,18,2,86,43,148,3056,164,54,48,9,31,42,82,35,62,44,34,cloudy,139,0,0,0,148,296
201803,1011,19,2,84,31,146,2940,159,52,47,9,22,30,60,29,60,43,34,cloudy,121,0,0,0,146,292
201803,1011,20,1,56,51,103,640,53,21,24,3,38,50,98,40,32,25,34,cloudy,152,0,0,0,103,206
201803,1011,21,1,56,48,103,627,53,20,24,3,36,47,92,39,31,25,34,cloudy,147,0,0,0,103,206
201804,1012,1,1,51,28,122,862,71,30,28,3,19,25,57,25,48,36,34,rainy,122,0,0,0,122,244
201804,1012,2,2,81,47,145,2788,161,51,49,8,37,46,85,38,61,44,34,rainy,144,0,0,0,145,290
201804,1012,3,2,78,45,143,2562,150,48,46,8,35,44,82,36,43,33,34,rainy,141,0,0,0,143,286
201804,1012,4,1,56,31,126,1188,86,33,31,4,22,29,62,27,38,29,34,rainy,125,0,0,0,126,252
201804,1012,5,1,66,38,134,1838,116,40,38,5,28,36,71,31,44,33,34,rainy,133,0,0,0,134,268
201804,1012,6,1,64,37,132,1714,111,39,37,5,27,35,69,31,31,25,34,rainy,131,0,0,0,132,264
201804,1012,7,2,73,42,139,2259,136,45,43,7,32,40,78,34,38,29,34,rainy,138,0,0,0,139,278
201804,1012,8,2,79,46,144,2630,154,49,47,8,35,44,83,37,45,34,34,rainy,142,0,0,0,144,288
201804,1012,9,1,49,27,121,753,65,28,26,2,18,24,55,24,47,35,34,rainy,120,0,0,0,121,242
201804,1012,10,1,47,25,118,576,57,26,24,2,16,22,53,23,38,29,34,rainy,118,0,0,0,118,236
201804,1012,11,2,81,47,145,2757,160,51,49,8,36,46,85,38,38,29,34,rainy,143,0,0,0,145,290
201804,1012,12,1,64,36,132,1668,108,38,36,5,26,34,69,30,38,29,34,rainy,131,0,0,0,132,264
201804,1012,13,2,78,45,143,2558,150,48,46,8,35,44,82,36,46,34,34,rainy,141,0,0,0,143,286
201804,1012,14,1,46,25,118,505,54,26,24,2,16,22,52,23,40,31,34,rainy,118,0,0,0,118,236
201804,1012,15,1,64,37,132,1702,110,39,37,5,27,34,69,31,31,25,34,rainy,131,0,0,0,132,264
201804,1012,16,2,76,44,141,2448,145,47,45,7,34,42,80,35,58,42,34,rainy,140,0,0,0,141,282
201804,1012,17,1,55,31,125,1117,83,32,30,3,21,28,61,27,49,36,34,rainy,125,0,0,0,125,250
201804,1012,18,2,85,50,149,3053,174,54,52,9,39,49,89,40,52,38,34,rainy,147,0,0,0,149,298
201804,1012,19,2,83,49,147,2934,168,53,51,9,38,48,88,39,37,28,34,rainy,145,0,0,0,147,294
201804,1012,20,1,47,25,119,582,57,26,24,2,16,22,53,23,63,45,34,rainy,118,0,0,0,119,238
201804,1012,21,1,47,25,118,568,57,26,24,2,16,22,53,23,59,43,34,rainy,118,0,0,0,118,236
201801,1013,1,1,59,39,116,906,81,29,25,2,29,37,73,32,35,26,32,rainy,134,0,0,0,116,232
201801,1013,2,2,91,50,144,2796,163,47,48,7,39,49,89,39,56,39,32,rainy,147,0,0,0,144,288
201801,1013,3,2,87,35,141,2574,153,45,46,7,25,33,67,29,53,37,32,rainy,129,0,0,0,141,282
201801,1013,4,1,64,30,121,1226,95,32,29,3,21,28,60,26,38,28,32,rainy,124,0,0,0,121,242
201801,1013,5,1,75,36,130,1863,122,38,37,5,26,34,68,30,45,32,32,rainy,131,0,0,0,130,260
201801,1013,6,1,73,25,128,1741,117,37,35,5,16,22,53,23,44,32,32,rainy,118,0,0,0,128,256
201801,1013,7,2,82,30,137,2277,140,42,42,6,21,28,60,26,50,35,32,rainy,124,0,0,0,137,274
201801,1013,8,2,88,36,142,2640,156,45,47,7,26,34,69,30,54,38,32,rainy,131,0,0,0,142,284
201801,1013,9,1,57,38,114,798,76,28,24,2,28,36,71,31,33,25,32,rainy,133,0,0,0,114,228
201801,1013,10,1,54,31,112,625,69,26,21,2,21,28,61,27,31,24,32,rainy,125,0,0,0,112,224
201801,1013,11,2,90,31,144,2765,162,46,48,7,21,28,61,27,56,39,32,rainy,125,0,0,0,144,288
201801,1013,12,1,72,30,128,1697,115,36,35,5,21,28,60,26,43,31,32,rainy,124,0,0,0,128,256
201801,1013,13,2,87,37,141,2570,153,45,46,7,27,35,70,31,53,37,32,rainy,132,0,0,0,141,282
201801,1013,14,1,53,32,111,555,66,26,21,2,23,30,63,28,31,24,32,rainy,126,0,0,0,111,222
201801,1013,15,1,73,25,128,1730,117,37,35,5,16,22,52,23,44,32,32,rainy,118,0,0,0,128,256
201801,1013,16,2,85,47,139,2462,148,44,44,7,36,46,85,38,52,36,32,rainy,143,0,0,0,139,278
201801,1013,17,1,63,40,120,1156,92,31,28,3,29,38,74,33,37,28,32,rainy,135,0,0,0,120,240
201801,1013,18,2,95,42,148,3055,174,49,52,8,32,40,77,34,59,41,32,rainy,137,0,0,0,148,296
201801,1013,19,2,93,30,147,2939,169,48,50,8,20,27,59,26,58,40,32,rainy,123,0,0,0,147,294
201801,1013,20,1,54,51,112,631,69,26,22,2,40,50,91,40,31,24,32,rainy,148,0,0,0,112,224
201801,1013,21,1,54,48,112,617,68,26,21,2,37,46,86,38,31,24,32,rainy,144,0,0,0,112,224
201802,1014,1,1,57,28,117,949,76,26,25,3,21,27,60,25,47,33,32,sunny,120,0,0,0,117,234
201802,1014,2,2,82,44,136,2804,162,46,47,8,37,46,86,41,59,40,32,sunny,142,0,0,0,136,272
201802,1014,3,2,79,42,134,2586,152,44,44,8,35,44,83,39,42,30,32,sunny,139,0,0,0,134,268
201802,1014,4,1,61,30,120,1263,90,30,28,4,24,30,65,28,37,27,32,sunny,123,0,0,0,120,240
201802,1014,5,1,70,36,127,1888,119,36,36,5,29,37,73,33,43,31,32,sunny,131,0,0,0,127,254
201802,1014,6,1,68,35,126,1769,114,35,34,5,28,36,72,32,31,24,32,sunny,129,0,0,0,126,252
201802,1014,7,2,75,39,131,2294,138,41,41,7,33,41,79,37,37,27,32,sunny,136,0,0,0,131,262
201802,1014,8,2,80,43,135,2651,155,45,45,8,36,45,84,40,44,31,32,sunny,140,0,0,0,135,270
201802,1014,9,1,56,27,116,844,71,25,23,2,21,26,59,25,45,32,32,sunny,118,0,0,0,116,232
201802,1014,10,1,53,25,114,673,63,23,21,2,19,24,57,23,37,28,32,sunny,116,0,0,0,114,228
201802,1014,11,2,82,44,136,2773,161,46,46,8,37,46,86,41,37,28,32,sunny,141,0,0,0,136,272
201802,1014,12,1,68,34,125,1725,112,35,34,5,28,35,71,32,37,27,32,sunny,129,0,0,0,125,250
201802,1014,13,2,79,42,134,2582,152,44,44,8,35,44,83,39,44,32,32,sunny,139,0,0,0,134,268
201802,1014,14,1,53,25,114,605,60,23,21,2,19,24,56,23,39,29,32,sunny,116,0,0,0,114,228
201802,1014,15,1,68,35,126,1758,113,35,34,5,28,36,72,32,31,24,32,sunny,129,0,0,0,126,252
201802,1014,16,2,78,41,133,2476,147,43,43,7,34,43,81,38,56,39,32,sunny,138,0,0,0,133,266
201802,1014,17,1,61,30,120,1195,87,29,28,3,24,30,64,28,47,34,32,sunny,123,0,0,0,120,240
201802,1014,18,2,86,46,139,3058,174,49,50,9,39,49,90,43,50,35,32,sunny,145,0,0,0,139,278
201802,1014,19,2,84,45,138,2944,169,48,48,9,38,48,88,42,36,27,32,sunny,143,0,0,0,138,276
201802,1014,20,1,54,25,114,679,63,23,21,2,19,24,57,23,60,41,32,sunny,116,0,0,0,114,228
201802,1014,21,1,53,25,114,666,63,23,21,2,19,24,56,23,56,39,32,sunny,116,0,0,0,114,228
201803,1015,1,1,46,37,126,966,83,27,26,3,30,38,75,34,38,27,33,sunny,132,0,0,0,126,252
201803,1015,2,2,66,46,138,2807,155,49,47,8,39,49,89,43,58,40,33,sunny,145,0,0,0,138,276
201803,1015,3,2,64,33,136,2591,147,46,45,8,27,34,69,31,56,38,33,sunny,127,0,0,0,136,272
201803,1015,4,1,50,29,128,1278,95,30,30,4,23,29,63,27,42,29,33,sunny,122,0,0,0,128,256
201803,1015,5,1,56,34,132,1898,120,38,37,6,28,35,71,32,48,33,33,sunny,129,0,0,0,132,264
201803,1015,6,1,55,25,131,1780,115,36,36,6,19,24,57,23,47,33,33,sunny,116,0,0,0,131,262
201803,1015,7,2,61,30,135,2301,135,43,41,7,23,29,63,27,53,36,33,sunny,122,0,0,0,135,270
201803,1015,8,2,65,35,137,2655,149,47,45,8,28,35,71,32,57,39,33,sunny,129,0,0,0,137,274
201803,1015,9,1,45,36,125,862,79,25,25,3,29,37,73,33,37,26,33,sunny,131,0,0,0,125,250
201803,1015,10,1,43,30,124,693,72,23,23,3,24,30,64,28,35,25,33,sunny,123,0,0,0,124,248
201803,1015,11,2,66,30,138,2777,154,48,47,8,24,30,64,28,58,40,33,sunny,123,0,0,0,138,276
201803,1015,12,1,55,30,131,1736,113,36,35,6,23,29,63,27,47,32,33,sunny,122,0,0,0,131,262
201803,1015,13,2,64,35,136,2587,146,46,45,8,29,36,72,33,56,38,33,sunny,130,0,0,0,136,272
201803,1015,14,1,43,31,124,625,70,23,23,3,25,31,66,29,35,25,33,sunny,124,0,0,0,124,248
201803,1015,15,1,55,25,131,1769,114,36,35,6,19,24,56,23,47,33,33,sunny,116,0,0,0,131,262
201803,1015,16,2,63,44,136,2482,142,45,43,8,37,46,86,41,55,37,33,sunny,141,0,0,0,136,272
201803,1015,17,1,49,37,127,1210,93,30,29,4,31,39,76,35,41,29,33,sunny,133,0,0,0,127,254
201803,1015,18,2,69,39,140,3059,165,52,50,9,33,41,79,37,61,42,33,sunny,135,0,0,0,140,280
201803,1015,19,2,68,29,139,2946,161,50,49,9,23,29,62,27,60,41,33,sunny,121,0,0,0,139,278
201803,1015,20,1,43,47,124,698,73,23,23,3,40,50,91,44,35,25,33,sunny,146,0,0,0,124,248
201803,1015,21,1,43,44,124,685,72,23,23,3,37,47,86,41,35,25,33,sunny,142,0,0,0,124,248
201804,1016,1,1,44,26,123,793,57,30,25,3,21,29,61,24,50,34,33,cloudy,122,0,0,0,123,246
201804,1016,2,2,66,44,137,2776,151,49,48,8,35,47,93,41,61,41,33,cloudy,142,0,0,0,137,274
201804,1016,3,2,63,42,136,2544,140,47,45,8,33,45,89,39,45,31,33,cloudy,140,0,0,0,136,272
201804,1016,4,1,47,29,126,1129,73,33,29,4,23,32,67,27,41,28,33,cloudy,126,0,0,0,126,252
201804,1016,5,1,55,35,130,1797,104,40,36,5,28,38,77,32,46,32,33,cloudy,132,0,0,0,130,260
201804,1016,6,1,53,34,129,1670,98,39,35,5,27,37,75,31,35,25,33,cloudy,131,0,0,0,129,258
201804,1016,7,2,60,39,134,2232,125,44,41,7,31,42,84,36,41,28,33,cloudy,137,0,0,0,134,268
201804,1016,8,2,64,42,136,2613,143,48,46,8,33,45,90,39,47,32,33,cloudy,141,0,0,0,136,272
201804,1016,9,1,42,25,122,681,52,29,24,2,20,28,60,23,48,33,33,cloudy,121,0,0,0,122,244
201804,1016,10,1,40,23,121,498,43,27,21,2,19,26,57,21,41,29,33,cloudy,119,0,0,0,121,242
201804,1016,11,2,65,43,137,2744,149,49,47,8,34,46,92,41,41,29,33,cloudy,142,0,0,0,137,274
201804,1016,12,1,53,33,129,1623,96,38,34,5,27,36,75,31,41,28,33,cloudy,131,0,0,0,129,258
201804,1016,13,2,63,42,136,2539,139,47,45,8,33,45,89,39,47,33,33,cloudy,140,0,0,0,136,272
201804,1016,14,1,40,23,121,425,40,27,21,2,19,26,56,21,43,30,33,cloudy,119,0,0,0,121,242
201804,1016,15,1,53,34,129,1658,98,39,35,5,27,37,75,31,35,25,33,cloudy,131,0,0,0,129,258
201804,1016,16,2,62,41,135,2426,134,46,44,7,32,44,87,38,58,40,33,cloudy,139,0,0,0,135,270
201804,1016,17,1,47,28,125,1056,69,33,28,3,23,31,66,26,50,35,33,cloudy,125,0,0,0,125,250
201804,1016,18,2,69,46,139,3048,163,52,51,9,36,49,97,43,52,36,33,cloudy,145,0,0,0,139,278
201804,1016,19,2,67,45,139,2926,158,51,49,9,36,48,95,42,40,28,33,cloudy,144,0,0,0,139,278
201804,1016,20,1,40,23,121,505,44,27,21,2,19,26,57,21,62,42,33,cloudy,119,0,0,0,121,242
201804,1016,21,1,40,23,121,490,43,27,21,2,19,26,57,21,59,40,33,cloudy,119,0,0,0,121,242
201801,1017,1,1,45,36,125,862,74,24,30,2,29,39,79,33,37,25,31,cloudy,134,2,201801,201802,236,361
201801,1017,2,2,74,46,146,2788,154,44,49,7,36,49,97,43,58,39,31,cloudy,145,2,201801,201802,268,414
201801,1017,3,2,71,32,143,2562,144,42,46,7,26,35,72,30,55,37,31,cloudy,129,2,201801,201802,265,408
201801,1017,4,1,50,28,128,1188,88,28,33,3,23,31,65,26,40,27,31,cloudy,125,2,201801,201802,241,369
201801,1017,5,1,60,33,135,1838,114,34,39,5,27,36,74,31,47,32,31,cloudy,130,2,201801,201802,252,387
201801,1017,6,1,58,23,134,1714,109,33,38,5,19,26,57,21,46,31,31,cloudy,119,2,201801,201802,250,384
201801,1017,7,2,66,28,140,2259,132,39,43,6,23,31,65,26,52,35,31,cloudy,125,2,201801,201802,259,399
201801,1017,8,2,72,33,144,2630,147,43,47,7,27,36,75,31,56,37,31,cloudy,131,2,201801,201802,266,410
201801,1017,9,1,43,35,123,753,70,23,29,2,28,38,77,32,35,24,31,cloudy,132,2,201801,201802,234,357
201801,1017,10,1,41,28,121,576,63,21,27,2,23,31,66,26,33,23,31,cloudy,125,2,201801,201802,231,352
201801,1017,11,2,74,28,146,2757,152,44,48,7,23,31,66,26,58,38,31,cloudy,125,2,201801,201802,268,414
201801,1017,12,1,57,28,133,1668,108,33,38,5,23,31,65,26,45,31,31,cloudy,125,2,201801,201802,249,382
201801,1017,13,2,71,34,143,2558,144,42,46,7,27,37,76,32,55,37,31,cloudy,131,2,201801,201802,265,408
201801,1017,14,1,40,30,121,505,60,21,27,2,24,33,68,27,33,23,31,cloudy,127,2,201801,201802,230,351
201801,1017,15,1,58,23,134,1702,109,33,38,5,19,26,56,21,46,31,31,cloudy,119,2,201801,201802,250,384
201801,1017,16,2,69,43,142,2448,140,41,45,7,34,46,92,41,54,36,31,cloudy,142,2,201801,201802,263,405
201801,1017,17,1,49,36,127,1117,85,27,32,3,29,39,80,34,39,27,31,cloudy,134,2,201801,201802,240,367
201801,1017,18,2,78,39,149,3053,164,47,51,8,31,42,84,36,61,40,31,cloudy,136,2,201801,201802,273,422
201801,1017,19,2,76,27,148,2934,160,46,50,8,22,30,64,25,60,40,31,cloudy,124,2,201801,201802,271,419
201801,1017,20,1,41,47,121,582,63,21,27,2,37,50,99,44,33,23,31,cloudy,146,2,201801,201802,231,352
201801,1017,21,1,41,44,121,568,62,21,27,2,35,47,93,41,33,23,31,cloudy,143,2,0,0,231,352
201802,1018,1,1,54,26,115,749,67,29,27,2,17,27,57,29,49,33,31,sunny,123,0,0,0,115,230
201802,1018,2,2,76,42,144,2604,161,45,46,7,34,45,92,43,61,40,31,sunny,144,0,0,0,144,288
201802,1018,3,2,73,40,141,2386,150,43,44,7,32,43,88,41,44,30,31,sunny,142,0,0,0,141,282
201802,1018,4,1,57,29,120,1063,83,31,30,3,20,30,63,31,39,27,31,sunny,127,0,0,0,120,240
201802,1018,5,1,65,34,130,1688,114,37,37,4,25,36,75,36,45,31,31,sunny,134,0,0,0,130,260
201802,1018,6,1,63,33,128,1569,108,36,36,4,24,35,73,35,33,23,31,sunny,133,0,0,0,128,256
201802,1018,7,2,70,38,136,2094,135,40,41,6,29,40,82,39,39,27,31,sunny,138,0,0,0,136,272
201802,1018,8,2,74,41,142,2451,153,44,45,7,32,43,89,41,46,31,31,sunny,142,0,0,0,142,284
201802,1018,9,1,52,26,113,644,62,28,26,1,16,26,55,28,47,32,31,sunny,122,0,0,0,113,226
201802,1018,10,1,50,24,111,473,53,26,24,1,14,24,52,27,39,27,31,sunny,120,0,0,0,111,222
201802,1018,11,2,75,42,144,2573,159,45,46,7,34,44,91,42,39,27,31,sunny,144,0,0,0,144,288
201802,1018,12,1,63,33,127,1525,106,35,35,4,24,34,72,35,39,27,31,sunny,132,0,0,0,127,254
201802,1018,13,2,73,40,141,2382,149,43,44,7,32,43,88,41,46,31,31,sunny,142,0,0,0,141,282
201802,1018,14,1,50,24,110,405,50,26,24,1,14,24,51,27,41,28,31,sunny,120,0,0,0,110,220
201802,1018,15,1,63,33,128,1558,108,36,36,4,24,35,72,35,33,23,31,sunny,132,0,0,0,128,256
201802,1018,16,2,72,39,139,2276,144,42,43,6,31,42,86,40,58,38,31,sunny,140,0,0,0,139,278
201802,1018,17,1,57,29,119,995,79,31,30,2,19,29,62,31,49,33,31,sunny,126,0,0,0,119,238
201802,1018,18,2,79,44,148,2858,173,47,49,8,36,47,97,44,52,35,31,sunny,147,0,0,0,148,296
201802,1018,19,2,77,43,146,2744,168,46,48,8,35,46,95,44,38,26,31,sunny,146,0,0,0,146,292
201802,1018,20,1,50,24,111,479,54,26,24,1,14,24,52,27,62,41,31,sunny,120,0,0,0,111,222
201802,1018,21,1,50,24,111,466,53,26,24,1,14,24,52,27,58,39,31,sunny,120,0,0,0,111,222
201803,1019,1,1,49,35,120,879,86,31,28,4,26,37,77,37,36,25,31,sunny,135,0,0,0,120,240
201803,1019,2,2,75,44,145,2627,172,45,47,9,36,47,97,44,56,39,31,sunny,147,0,0,0,145,290
201803,1019,3,2,72,32,142,2422,162,44,44,8,23,33,69,34,54,37,31,sunny,131,0,0,0,142,284
201803,1019,4,1,54,28,124,1175,100,34,31,5,19,29,61,31,40,27,31,sunny,126,0,0,0,124,248
201803,1019,5,1,62,33,133,1764,129,38,37,6,24,34,71,35,46,32,31,sunny,132,0,0,0,133,266
201803,1019,6,1,61,24,131,1651,124,37,36,6,14,24,52,27,45,31,31,sunny,120,0,0,0,131,262
201803,1019,7,2,68,28,138,2147,148,42,41,7,19,29,61,31,51,35,31,sunny,126,0,0,0,138,276
201803,1019,8,2,73,33,143,2483,165,44,45,8,24,34,72,35,55,37,31,sunny,132,0,0,0,143,286
201803,1019,9,1,48,34,119,780,81,30,27,4,25,36,75,36,35,24,31,sunny,134,0,0,0,119,238
201803,1019,10,1,46,29,116,619,73,29,25,4,19,29,62,31,33,23,31,sunny,126,0,0,0,116,232
201803,1019,11,2,75,29,145,2598,171,45,46,9,19,29,62,31,56,38,31,sunny,126,0,0,0,145,290
201803,1019,12,1,60,28,131,1610,122,37,36,6,19,29,61,31,45,31,31,sunny,126,0,0,0,131,262
201803,1019,13,2,72,34,142,2418,162,44,44,8,25,35,73,35,54,37,31,sunny,133,0,0,0,142,284
201803,1019,14,1,45,30,116,555,70,29,25,4,20,31,65,32,33,23,31,sunny,128,0,0,0,116,232
201803,1019,15,1,61,24,131,1641,123,37,36,6,14,24,52,27,45,31,31,sunny,120,0,0,0,131,262
201803,1019,16,2,70,42,141,2318,157,43,43,8,34,44,92,42,53,36,31,sunny,144,0,0,0,141,282
201803,1019,17,1,53,36,124,1110,97,33,30,5,27,37,78,37,39,27,31,sunny,136,0,0,0,124,248
201803,1019,18,2,79,38,149,2866,184,47,49,9,29,40,82,39,59,40,31,sunny,138,0,0,0,149,298
201803,1019,19,2,77,28,147,2759,179,47,48,9,18,28,60,30,58,40,31,sunny,125,0,0,0,147,294
201803,1019,20,1,46,45,117,624,73,29,25,4,37,48,99,45,33,23,31,sunny,148,0,0,0,117,234
201803,1019,21,1,45,42,116,612,73,29,25,4,34,45,93,43,33,23,31,sunny,144,0,0,0,116,232
201804,1020,1,1,51,26,129,905,60,31,30,4,19,25,62,26,48,33,31,rainy,116,0,0,0,129,258
201804,1020,2,2,83,39,147,2631,167,47,49,9,34,45,90,42,59,40,31,rainy,143,0,0,0,147,294
201804,1020,3,2,79,37,145,2429,155,45,46,9,33,43,87,40,43,30,31,rainy,140,0,0,0,145,290
201804,1020,4,1,56,28,132,1197,78,34,33,5,22,29,67,29,39,27,31,rainy,121,0,0,0,132,264
201804,1020,5,1,67,32,138,1779,114,39,39,7,27,35,76,34,44,31,31,rainy,130,0,0,0,138,276
201804,1020,6,1,65,32,137,1668,107,38,38,7,26,34,74,33,33,23,31,rainy,128,0,0,0,137,274
201804,1020,7,2,74,35,142,2157,138,43,43,8,30,40,83,38,39,27,31,rainy,136,0,0,0,142,284
201804,1020,8,2,80,38,145,2489,159,46,47,9,33,44,88,41,45,31,31,rainy,141,0,0,0,145,290
201804,1020,9,1,49,25,128,807,54,31,29,4,18,24,60,26,46,32,31,rainy,115,0,0,0,128,256
201804,1020,10,1,46,24,126,648,44,29,27,4,17,22,58,24,39,27,31,rainy,113,0,0,0,126,252
201804,1020,11,2,82,39,146,2603,166,47,48,9,34,45,90,42,39,27,31,rainy,142,0,0,0,146,292
201804,1020,12,1,64,31,136,1627,105,38,38,7,26,34,74,33,39,27,31,rainy,128,0,0,0,136,272
201804,1020,13,2,79,37,145,2425,155,45,46,9,33,43,87,40,45,31,31,rainy,140,0,0,0,145,290
201804,1020,14,1,45,24,126,585,40,29,27,4,17,22,57,24,41,28,31,rainy,112,0,0,0,126,252
201804,1020,15,1,65,32,137,1658,107,38,38,7,26,34,74,33,33,23,31,rainy,128,0,0,0,137,274
201804,1020,16,2,77,36,144,2326,148,44,45,9,32,42,85,39,56,38,31,rainy,138,0,0,0,144,288
201804,1020,17,1,55,28,131,1133,74,34,32,5,21,28,66,29,48,33,31,rainy,120,0,0,0,131,262
201804,1020,18,2,87,41,149,2868,182,49,51,10,36,48,94,44,50,35,31,rainy,146,0,0,0,149,298
201804,1020,19,2,85,40,148,2762,176,48,50,10,35,47,93,43,38,26,31,rainy,145,0,0,0,148,296
201804,1020,20,1,46,24,126,654,44,29,27,4,17,22,58,24,60,41,31,rainy,113,0,0,0,126,252
201804,1020,21,1,46,24,126,641,43,29,27,4,17,22,58,24,57,39,31,rainy,112,0,0,0,126,252
201801,1021,1,1,47,33,121,1078,77,26,27,3,28,37,78,35,39,27,33,rainy,132,0,0,0,121,242
201801,1021,2,2,82,40,145,2662,171,46,50,8,36,48,94,44,57,41,33,rainy,146,0,0,0,145,290
201801,1021,3,2,78,30,142,2476,160,44,47,8,25,32,72,32,55,39,33,rainy,126,0,0,0,142,284
201801,1021,4,1,53,27,125,1346,93,30,31,4,21,28,65,28,42,29,33,rainy,120,0,0,0,125,250
201801,1021,5,1,65,31,133,1880,124,36,38,6,25,33,73,33,48,34,33,rainy,127,0,0,0,133,266
201801,1021,6,1,63,24,132,1778,118,35,37,6,17,22,58,24,47,33,33,rainy,113,0,0,0,132,264
201801,1021,7,2,72,27,139,2227,145,41,43,7,21,28,65,28,52,37,33,rainy,120,0,0,0,139,278
201801,1021,8,2,79,31,143,2531,163,45,48,8,26,34,74,33,55,39,33,rainy,128,0,0,0,143,286
201801,1021,9,1,45,32,120,988,72,25,26,3,27,35,76,34,38,26,33,rainy,130,0,0,0,120,240
201801,1021,10,1,42,28,117,842,63,23,23,3,21,28,66,29,36,25,33,rainy,120,0,0,0,117,234
201801,1021,11,2,81,28,145,2636,169,46,49,8,21,28,66,29,56,40,33,rainy,120,0,0,0,145,290
201801,1021,12,1,62,27,131,1741,116,35,36,6,21,28,65,28,46,33,33,rainy,120,0,0,0,131,262
201801,1021,13,2,78,32,142,2473,159,44,47,8,26,34,75,34,55,39,33,rainy,129,0,0,0,142,284
201801,1021,14,1,41,29,117,784,60,23,23,3,23,30,68,30,36,25,33,rainy,122,0,0,0,117,234
201801,1021,15,1,62,24,132,1769,118,35,37,6,17,22,57,24,47,33,33,rainy,112,0,0,0,132,264
201801,1021,16,2,76,39,141,2382,154,43,46,8,34,45,90,42,54,38,33,rainy,142,0,0,0,141,282
201801,1021,17,1,52,34,124,1288,89,29,30,4,28,37,79,36,41,29,33,rainy,132,0,0,0,124,248
201801,1021,18,2,87,35,149,2879,183,49,53,9,30,39,82,38,59,42,33,rainy,135,0,0,0,149,298
201801,1021,19,2,85,27,147,2782,178,48,51,9,20,27,64,28,58,42,33,rainy,118,0,0,0,147,294
201801,1021,20,1,42,41,118,847,64,23,23,3,37,49,96,45,36,25,33,rainy,148,0,0,0,118,236
201801,1021,21,1,42,39,117,836,63,23,23,3,35,46,91,42,36,25,33,rainy,143,0,0,0,117,234
201802,1022,1,1,56,27,111,1009,82,30,32,3,19,29,57,26,49,35,33,sunny,121,0,0,0,111,222
201802,1022,2,2,84,39,135,2649,171,47,52,8,35,46,89,40,59,42,33,sunny,141,0,0,0,135,270
201802,1022,3,2,81,37,132,2457,161,45,50,8,33,44,86,38,45,32,33,sunny,139,0,0,0,132,264
201802,1022,4,1,61,29,115,1286,97,33,36,4,22,32,62,28,41,29,33,sunny,125,0,0,0,115,230
201802,1022,5,1,70,33,123,1839,127,38,42,5,27,37,73,33,46,33,33,sunny,131,0,0,0,123,246
201802,1022,6,1,68,32,122,1734,122,37,41,5,26,36,71,32,36,25,33,sunny,130,0,0,0,122,244
201802,1022,7,2,77,36,129,2199,147,42,47,7,31,41,80,36,41,29,33,sunny,136,0,0,0,129,258
201802,1022,8,2,82,38,133,2514,164,45,51,8,34,44,87,38,46,33,33,sunny,140,0,0,0,133,266
201802,1022,9,1,54,26,110,915,77,29,31,2,19,28,55,25,48,34,33,sunny,120,0,0,0,110,220
201802,1022,10,1,52,25,107,765,69,27,29,2,17,26,52,24,41,29,33,sunny,118,0,0,0,107,214
201802,1022,11,2,84,39,135,2623,170,47,52,8,35,46,89,39,41,29,33,sunny,141,0,0,0,135,270
201802,1022,12,1,68,32,121,1695,120,37,41,5,26,36,70,32,41,29,33,sunny,130,0,0,0,121,242
201802,1022,13,2,81,37,132,2454,161,45,50,8,33,44,86,38,47,33,33,sunny,139,0,0,0,132,264
201802,1022,14,1,51,25,107,704,66,27,29,2,17,26,51,24,43,30,33,sunny,118,0,0,0,107,214
201802,1022,15,1,68,32,122,1724,121,37,41,5,26,36,71,32,36,25,33,sunny,130,0,0,0,122,244
201802,1022,16,2,79,37,131,2360,156,44,49,7,32,43,84,37,56,40,33,sunny,138,0,0,0,131,262
201802,1022,17,1,60,28,114,1226,94,32,35,3,22,31,61,28,49,35,33,sunny,124,0,0,0,114,228
201802,1022,18,2,88,41,139,2875,184,49,55,9,37,48,94,41,52,37,33,sunny,144,0,0,0,139,278
201802,1022,19,2,87,40,137,2774,178,48,54,9,36,47,92,41,40,28,33,sunny,143,0,0,0,137,274
201802,1022,20,1,52,25,108,770,69,27,29,2,17,26,52,24,60,43,33,sunny,118,0,0,0,108,216
201802,1022,21,1,52,25,107,758,69,27,29,2,17,26,52,24,57,41,33,sunny,118,0,0,0,107,214
201803,1023,1,1,65,34,116,722,81,27,25,2,28,38,75,34,36,25,31.5,sunny,133,1,201803,201804,241,357
201803,1023,2,2,86,40,136,2434,163,43,51,8,37,48,94,41,59,39,31.5,sunny,144,1,201803,201804,257,393
201803,1023,3,2,83,31,134,2233,153,41,48,7,25,35,68,31,56,38,31.5,sunny,128,1,201803,201804,255,389
201803,1023,4,1,68,28,120,1012,95,30,30,3,21,31,60,28,40,28,31.5,sunny,124,1,201803,201804,243,363
201803,1023,5,1,75,32,126,1589,122,35,38,5,26,36,70,32,47,32,31.5,sunny,129,1,201803,201804,249,375
201803,1023,6,1,74,25,125,1479,117,34,37,5,17,26,52,24,46,31,31.5,sunny,118,1,201803,201804,248,373
201803,1023,7,2,80,28,131,1964,140,39,44,6,21,31,61,28,52,36,31.5,sunny,124,1,201803,201804,252,383
201803,1023,8,2,84,32,135,2293,156,42,49,8,26,36,71,32,57,38,31.5,sunny,130,1,201803,201804,256,391
201803,1023,9,1,63,33,115,625,76,27,24,1,27,37,73,33,35,24,31.5,sunny,131,1,201803,201804,240,355
201803,1023,10,1,61,28,113,468,69,25,22,1,22,31,61,28,32,23,31.5,sunny,124,1,201803,201804,238,351
201803,1023,11,2,86,28,136,2406,162,43,51,8,22,31,61,28,58,39,31.5,sunny,124,1,201803,201804,257,393
201803,1023,12,1,73,28,125,1439,115,34,36,4,21,31,61,28,45,31,31.5,sunny,124,1,201803,201804,247,372
201803,1023,13,2,83,32,134,2230,153,41,48,7,27,37,72,32,56,38,31.5,sunny,130,1,201803,201804,255,389
201803,1023,14,1,61,29,113,405,66,25,21,1,23,32,64,29,32,23,31.5,sunny,126,1,201803,201804,238,351
201803,1023,15,1,74,25,125,1469,117,34,37,5,17,26,51,24,46,31,31.5,sunny,118,1,201803,201804,248,373
201803,1023,16,2,82,39,133,2132,148,40,46,7,35,46,89,39,55,37,31.5,sunny,141,1,201803,201804,254,387
201803,1023,17,1,67,34,119,949,92,30,29,3,29,39,76,34,39,27,31.5,sunny,133,1,201803,201804,243,362
201803,1023,18,2,89,35,139,2669,174,45,55,9,31,41,80,36,62,41,31.5,sunny,135,1,201803,201804,259,398
201803,1023,19,2,88,28,138,2564,169,44,53,9,21,30,59,27,60,41,31.5,sunny,123,1,201803,201804,258,396
201803,1023,20,1,61,41,113,473,69,25,22,1,38,49,96,42,32,23,31.5,sunny,145,1,201803,201804,238,351
201803,1023,21,1,61,39,113,461,68,25,21,1,35,46,90,40,32,23,31.5,sunny,142,1,201803,201804,238,351
201901,1024,1,1,69,30,108,800,90,29,25,4,21,31,56,23,49,33,31.5,cloudy,123,0,0,0,108,216
201901,1024,2,2,87,41,135,2448,164,42,47,9,33,47,84,39,62,41,31.5,cloudy,144,0,0,0,135,270
201901,1024,3,2,85,40,132,2255,156,40,44,8,31,45,81,37,44,30,31.5,cloudy,142,0,0,0,132,264
201901,1024,4,1,72,32,112,1079,102,31,28,5,23,33,61,26,38,27,31.5,cloudy,127,0,0,0,112,224
201901,1024,5,1,78,35,121,1634,128,35,36,6,27,39,70,31,45,31,31.5,cloudy,134,0,0,0,121,242
201901,1024,6,1,77,35,120,1528,123,35,34,6,26,38,68,30,32,23,31.5,cloudy,133,0,0,0,120,240
201901,1024,7,2,82,38,127,1995,144,38,41,7,30,42,77,35,39,27,31.5,cloudy,138,0,0,0,127,254
201901,1024,8,2,85,40,132,2312,158,41,45,8,32,46,82,38,46,31,31.5,cloudy,142,0,0,0,132,264
201901,1024,9,1,68,29,106,706,85,28,23,4,20,30,54,23,47,32,31.5,cloudy,122,0,0,0,106,212
201901,1024,10,1,66,28,104,555,78,27,21,4,19,28,52,21,39,27,31.5,cloudy,120,0,0,0,104,208
201901,1024,11,2,86,41,134,2421,163,42,46,9,33,47,84,39,39,27,31.5,cloudy,144,0,0,0,134,268
201901,1024,12,1,76,34,119,1490,121,34,34,6,26,37,68,30,39,27,31.5,cloudy,132,0,0,0,119,238
201901,1024,13,2,85,40,131,2251,156,40,44,8,31,45,81,37,46,32,31.5,cloudy,142,0,0,0,131,262
201901,1024,14,1,66,28,103,494,76,27,21,4,19,28,51,21,41,28,31.5,cloudy,120,0,0,0,103,206
201901,1024,15,1,77,35,119,1519,122,35,34,6,26,38,68,30,32,23,31.5,cloudy,132,0,0,0,119,238
201901,1024,16,2,84,39,130,2157,151,39,43,8,31,44,79,36,58,39,31.5,cloudy,140,0,0,0,130,260
201901,1024,17,1,71,31,111,1018,100,31,28,5,22,33,60,26,49,34,31.5,cloudy,126,0,0,0,111,222
201901,1024,18,2,89,43,138,2674,175,44,50,9,35,49,88,41,52,35,31.5,cloudy,147,0,0,0,138,276
201901,1024,19,2,88,42,137,2573,170,43,48,9,34,48,87,40,37,26,31.5,cloudy,146,0,0,0,137,274
201901,1024,20,1,66,28,104,560,79,27,21,4,19,28,52,21,63,42,31.5,cloudy,120,0,0,0,104,208
201901,1024,21,1,66,28,103,548,78,27,21,4,19,28,52,21,59,40,31.5,cloudy,120,0,0,0,103,206
201902,1025,1,1,60,36,113,762,68,28,30,3,28,40,72,32,41,26,33,cloudy,135,0,0,0,113,226
201902,1025,2,2,85,43,136,2688,161,38,48,8,34,49,88,41,57,41,33,cloudy,147,0,0,0,136,272
201902,1025,3,2,82,34,133,2462,150,37,46,8,25,36,66,29,55,40,33,cloudy,131,0,0,0,133,266
201902,1025,4,1,64,31,117,1088,84,30,33,4,22,32,59,25,43,29,33,cloudy,126,0,0,0,117,234
201902,1025,5,1,73,34,124,1738,115,33,39,6,26,37,67,30,49,34,33,cloudy,132,0,0,0,124,248
201902,1025,6,1,71,28,123,1614,109,33,38,6,19,28,52,21,48,33,33,cloudy,120,0,0,0,123,246
201902,1025,7,2,78,31,129,2159,135,36,43,7,22,33,59,25,52,37,33,cloudy,126,0,0,0,129,258
201902,1025,8,2,83,35,134,2530,153,38,46,8,26,38,68,30,56,40,33,cloudy,132,0,0,0,134,268
201902,1025,9,1,59,35,112,653,63,28,29,3,27,39,70,31,40,25,33,cloudy,134,0,0,0,112,224
201902,1025,10,1,56,31,109,476,54,27,27,3,22,33,60,26,38,24,33,cloudy,126,0,0,0,109,218
201902,1025,11,2,85,31,135,2657,159,38,47,8,22,33,60,26,57,41,33,cloudy,126,0,0,0,135,270
201902,1025,12,1,71,31,122,1568,107,33,37,6,22,33,59,25,47,33,33,sunny,126,0,0,0,122,244
201902,1025,13,2,82,35,133,2458,150,37,46,8,26,38,69,31,55,40,33,sunny,133,0,0,0,133,266
201902,1025,14,1,56,32,109,405,51,27,27,3,23,34,62,27,38,24,33,sunny,128,0,0,0,109,218
201902,1025,15,1,71,28,123,1602,108,33,38,6,19,28,51,21,48,33,33,sunny,120,0,0,0,123,246
201902,1025,16,2,81,41,132,2348,144,37,45,8,33,47,84,39,54,39,33,sunny,144,0,0,0,132,264
201902,1025,17,1,64,36,116,1017,80,30,32,4,28,40,73,33,43,28,33,sunny,136,0,0,0,116,232
201902,1025,18,2,89,38,139,2953,173,40,50,9,29,42,76,35,59,43,33,sunny,138,0,0,0,139,278
201902,1025,19,2,87,30,137,2834,168,39,49,9,22,32,58,25,58,42,33,sunny,125,0,0,0,137,274
201902,1025,20,1,57,43,109,482,54,27,27,3,35,50,90,42,38,24,33,sunny,148,0,0,0,109,218
201902,1025,21,1,56,41,109,468,54,27,27,3,33,47,85,39,38,24,33,sunny,144,0,0,0,109,218
201903,1026,1,1,66,26,117,823,84,23,26,3,21,27,56,27,50,35,33,sunny,119,0,0,0,117,234
201903,1026,2,2,86,39,136,2699,163,37,47,8,35,46,88,38,59,43,33,sunny,140,0,0,0,136,272
201903,1026,3,2,84,37,134,2479,154,36,45,8,34,44,84,37,46,32,33,sunny,138,0,0,0,134,268
201903,1026,4,1,70,28,120,1141,97,26,30,4,24,30,62,29,42,28,33,sunny,123,0,0,0,120,240
201903,1026,5,1,76,32,127,1773,124,30,37,5,28,37,72,32,47,32,33,sunny,130,0,0,0,127,254
201903,1026,6,1,75,32,126,1652,119,29,36,5,27,36,70,32,38,24,33,sunny,129,0,0,0,126,252
201903,1026,7,2,81,35,131,2184,141,34,41,7,32,41,79,35,43,28,33,sunny,134,0,0,0,131,262
201903,1026,8,2,85,38,135,2545,157,36,45,8,34,45,85,37,48,33,33,sunny,138,0,0,0,135,270
201903,1026,9,1,65,25,116,716,79,22,25,2,20,26,55,26,49,34,33,sunny,118,0,0,0,116,232
201903,1026,10,1,63,24,114,544,72,21,23,2,19,24,52,25,43,28,33,sunny,116,0,0,0,114,228
201903,1026,11,2,86,39,136,2668,162,37,47,8,35,46,87,38,43,28,33,sunny,140,0,0,0,136,272
201903,1026,12,1,75,31,125,1608,117,29,35,5,27,35,70,31,43,28,33,sunny,128,0,0,0,125,250
201903,1026,13,2,84,37,134,2475,154,36,45,8,34,44,84,37,48,33,33,sunny,138,0,0,0,134,268
201903,1026,14,1,63,24,114,475,69,21,23,2,19,24,51,25,44,30,33,sunny,116,0,0,0,114,228
201903,1026,15,1,75,32,126,1641,118,29,35,5,27,36,70,32,38,24,33,sunny,128,0,0,0,126,252
201903,1026,16,2,83,36,133,2368,149,35,43,7,33,43,82,36,57,41,33,sunny,136,0,0,0,133,266
201903,1026,17,1,69,28,120,1071,94,25,29,3,23,30,61,28,50,35,33,sunny,122,0,0,0,120,240
201903,1026,18,2,89,41,139,2957,174,39,50,9,37,49,92,40,52,37,33,sunny,143,0,0,0,139,278
201903,1026,19,2,88,40,138,2841,169,39,49,9,37,48,90,39,42,27,33,sunny,142,0,0,0,138,276
201903,1026,20,1,63,24,114,550,72,21,23,2,19,24,52,25,60,44,33,sunny,116,0,0,0,114,228
201903,1026,21,1,63,24,114,536,71,21,23,2,19,24,52,25,57,42,33,sunny,116,0,0,0,114,228
201904,1027,1,1,71,33,111,910,85,23,26,3,29,38,74,33,36,23,30,sunny,131,0,0,0,111,222
201904,1027,2,2,87,40,135,2714,172,35,45,8,37,49,92,40,56,38,30,sunny,143,0,0,0,135,270
201904,1027,3,2,85,30,132,2503,162,33,43,8,26,34,67,31,54,37,30,sunny,127,0,0,0,132,264
201904,1027,4,1,73,27,115,1215,100,25,29,4,23,29,60,28,40,26,30,sunny,122,0,0,0,115,230
201904,1027,5,1,79,31,123,1823,129,29,36,6,27,35,69,31,46,31,30,sunny,128,0,0,0,123,246
201904,1027,6,1,78,24,122,1707,123,28,35,6,19,24,52,25,45,30,30,sunny,116,0,0,0,122,244
201904,1027,7,2,82,27,129,2219,148,32,40,7,23,29,60,28,51,34,30,sunny,122,0,0,0,129,258
201904,1027,8,2,86,31,133,2566,165,34,44,8,27,35,70,32,55,37,30,sunny,128,0,0,0,133,266
201904,1027,9,1,70,32,110,807,80,22,25,3,28,37,72,32,35,22,30,sunny,130,0,0,0,110,220
201904,1027,10,1,68,28,107,641,72,21,23,3,23,30,61,28,33,21,30,sunny,122,0,0,0,107,214
201904,1027,11,2,87,28,135,2685,170,35,45,8,23,30,61,28,56,38,30,sunny,122,0,0,0,135,270
201904,1027,12,1,77,27,121,1665,121,28,34,6,23,29,60,28,45,30,30,cloudy,122,0,0,0,121,242
201904,1027,13,2,85,32,132,2499,161,33,43,8,28,36,71,32,54,37,30,cloudy,129,0,0,0,132,264
201904,1027,14,1,68,29,107,575,69,21,23,3,24,31,63,29,33,21,30,cloudy,124,0,0,0,107,214
201904,1027,15,1,78,24,122,1697,123,28,35,6,19,24,51,25,45,30,30,cloudy,116,0,0,0,122,244
201904,1027,16,2,84,39,131,2396,157,33,42,8,35,46,87,38,53,36,30,cloudy,140,0,0,0,131,262
201904,1027,17,1,73,34,114,1148,96,24,29,4,30,39,75,33,39,25,30,cloudy,132,0,0,0,114,228
201904,1027,18,2,89,35,139,2962,184,37,48,9,31,41,79,35,59,40,30,cloudy,134,0,0,0,139,278
201904,1027,19,2,88,27,137,2851,178,36,47,9,22,29,59,27,58,39,30,cloudy,121,0,0,0,137,274
201904,1027,20,1,68,41,108,647,72,21,23,3,38,50,94,40,33,21,30,cloudy,144,0,0,0,108,216
201904,1027,21,1,68,39,107,634,72,21,23,3,36,47,88,38,33,21,30,cloudy,140,0,0,0,107,214
201901,1028,1,1,61,27,113,996,68,28,26,2,17,26,56,26,48,32,30,cloudy,122,0,0,0,113,226
201901,1028,2,2,85,44,136,2730,169,36,46,8,35,46,91,40,59,40,30,cloudy,138,0,0,0,136,272
201901,1028,3,2,82,42,133,2526,157,35,44,7,33,44,87,39,43,29,30,cloudy,136,0,0,0,133,266
201901,1028,4,1,65,30,117,1290,85,29,30,3,20,30,62,29,39,25,30,cloudy,124,0,0,0,117,234
201901,1028,5,1,73,35,124,1874,119,32,36,5,26,36,74,33,44,29,30,cloudy,130,0,0,0,124,248
201901,1028,6,1,72,34,123,1762,112,31,35,5,25,35,72,32,33,21,30,cloudy,129,0,0,0,123,246
201901,1028,7,2,79,39,129,2254,141,34,41,6,30,41,81,37,39,25,30,cloudy,133,0,0,0,129,258
201901,1028,8,2,83,42,134,2587,160,35,45,8,33,45,88,39,45,30,30,cloudy,137,0,0,0,134,268
201901,1028,9,1,60,26,112,898,62,28,25,1,16,25,54,25,46,31,30,cloudy,121,0,0,0,112,224
201901,1028,10,1,57,24,109,738,53,27,23,1,14,23,51,24,39,25,30,cloudy,119,0,0,0,109,218
201901,1028,11,2,85,44,135,2701,167,36,46,8,34,46,90,40,39,25,30,cloudy,138,0,0,0,135,270
201901,1028,12,1,71,34,122,1722,110,31,35,4,24,35,71,32,39,25,30,cloudy,128,0,0,0,122,244
201901,1028,13,2,82,42,133,2523,157,35,44,7,33,44,87,39,45,30,30,cloudy,136,0,0,0,133,266
201901,1028,14,1,57,24,109,675,49,27,23,1,14,23,50,24,41,27,30,cloudy,119,0,0,0,109,218
201901,1028,15,1,72,34,123,1752,112,31,35,5,25,35,71,32,33,21,30,cloudy,129,0,0,0,123,246
201901,1028,16,2,81,41,132,2424,151,34,43,7,32,43,85,38,56,38,30,cloudy,135,0,0,0,132,264
201901,1028,17,1,64,29,116,1226,81,29,29,3,19,29,61,28,48,32,30,cloudy,124,0,0,0,116,232
201901,1028,18,2,89,46,139,2967,183,37,49,9,37,49,96,42,50,34,30,cloudy,140,0,0,0,139,278
201901,1028,19,2,87,45,137,2861,177,36,48,9,36,48,94,42,38,24,30,cloudy,139,0,0,0,137,274
201901,1028,20,1,58,24,109,744,53,27,23,1,14,23,51,24,60,41,30,cloudy,119,0,0,0,109,218
201901,1028,21,1,57,24,109,731,52,27,23,1,14,23,51,24,57,39,30,cloudy,119,0,0,0,109,218
201902,1029,1,1,56,36,123,983,64,25,27,4,27,38,76,34,39,26,31,cloudy,131,0,0,0,123,246
201902,1029,2,2,84,46,146,2645,168,35,48,9,37,49,96,42,60,38,31,cloudy,140,0,0,0,146,292
201902,1029,3,2,81,33,143,2450,156,34,45,8,23,33,68,31,57,36,31,cloudy,127,0,0,0,143,286
201902,1029,4,1,61,29,127,1264,82,27,30,5,19,29,60,28,42,28,31,cloudy,123,0,0,0,127,254
201902,1029,5,1,70,34,134,1824,117,30,37,6,24,34,70,32,49,32,31,cloudy,128,0,0,0,134,268
201902,1029,6,1,68,24,133,1717,110,30,36,6,14,23,51,24,48,31,31,cloudy,119,0,0,0,133,266
201902,1029,7,2,77,29,139,2188,140,33,42,7,19,29,60,28,54,35,31,cloudy,124,0,0,0,139,278
201902,1029,8,2,82,34,144,2508,160,35,46,8,24,35,71,32,58,37,31,cloudy,129,0,0,0,144,288
201902,1029,9,1,54,35,122,888,58,25,25,4,26,36,74,33,37,25,31,cloudy,130,0,0,0,122,244
201902,1029,10,1,52,29,119,736,49,24,23,4,19,29,61,28,35,24,31,cloudy,124,0,0,0,119,238
201902,1029,11,2,84,29,145,2618,167,35,48,9,19,29,61,28,60,38,31,cloudy,124,0,0,0,145,290
201902,1029,12,1,68,29,132,1678,108,30,35,6,19,29,60,28,47,31,31,cloudy,124,0,0,0,132,264
201902,1029,13,2,81,35,143,2446,156,34,45,8,25,35,72,33,57,36,31,sunny,129,0,0,0,143,286
201902,1029,14,1,51,30,119,674,45,24,23,4,21,31,64,29,35,24,31,sunny,125,0,0,0,119,238
201902,1029,15,1,68,24,133,1708,110,30,36,6,14,23,51,24,48,31,31,sunny,119,0,0,0,133,266
201902,1029,16,2,79,44,142,2351,150,34,44,8,34,46,91,40,56,36,31,sunny,138,0,0,0,142,284
201902,1029,17,1,60,37,126,1203,78,27,29,5,27,38,77,35,41,27,31,sunny,131,0,0,0,126,252
201902,1029,18,2,88,39,149,2873,183,37,51,9,30,40,81,36,63,40,31,sunny,133,0,0,0,149,298
201902,1029,19,2,87,28,147,2771,176,36,50,9,18,28,59,27,62,39,31,sunny,123,0,0,0,147,294
201902,1029,20,1,52,47,119,741,49,24,23,4,38,50,98,43,35,24,31,sunny,141,0,0,0,119,238
201902,1029,21,1,52,44,119,729,48,24,23,4,35,47,92,41,35,24,31,sunny,138,0,0,0,119,238
201903,1030,1,1,65,23,116,810,81,26,30,3,16,26,62,26,51,33,31,sunny,122,0,0,0,116,232
201903,1030,2,2,86,38,144,2614,171,36,53,8,31,43,89,39,63,39,31,sunny,138,0,0,0,144,288
201903,1030,3,2,83,37,141,2403,161,35,50,8,30,41,86,37,46,30,31,sunny,136,0,0,0,141,282
201903,1030,4,1,68,26,121,1115,97,27,34,4,19,29,67,28,41,27,31,sunny,124,0,0,0,121,242
201903,1030,5,1,75,31,130,1723,127,31,41,5,24,34,76,32,47,31,31,sunny,130,0,0,0,130,260
201903,1030,6,1,74,30,128,1607,121,30,40,5,23,33,74,32,35,24,31,sunny,129,0,0,0,128,256
201903,1030,7,2,80,34,137,2119,147,33,46,7,27,38,82,35,41,27,31,sunny,133,0,0,0,137,274
201903,1030,8,2,84,37,142,2466,164,35,51,8,30,41,87,38,48,31,31,sunny,137,0,0,0,142,284
201903,1030,9,1,63,22,114,707,76,25,29,2,15,25,61,25,49,32,31,sunny,121,0,0,0,114,228
201903,1030,10,1,61,21,112,541,68,24,26,2,14,23,59,24,41,27,31,sunny,119,0,0,0,112,224
201903,1030,11,2,86,38,144,2585,170,36,52,8,31,43,88,39,41,27,31,sunny,138,0,0,0,144,288
201903,1030,12,1,73,30,128,1565,119,30,39,5,23,33,74,31,41,27,31,sunny,128,0,0,0,128,256
201903,1030,13,2,83,37,141,2399,161,35,50,8,30,41,86,37,48,31,31,sunny,136,0,0,0,141,282
201903,1030,14,1,61,21,111,475,65,24,26,2,14,23,58,24,43,28,31,sunny,119,0,0,0,111,222
201903,1030,15,1,74,30,128,1597,121,30,40,5,23,33,74,32,35,24,31,sunny,129,0,0,0,128,256
201903,1030,16,2,82,36,139,2296,155,34,49,7,29,40,84,36,60,38,31,sunny,135,0,0,0,139,278
201903,1030,17,1,67,25,120,1048,93,27,33,3,18,28,66,28,51,33,31,sunny,124,0,0,0,120,240
201903,1030,18,2,89,40,148,2862,184,38,56,9,33,45,92,41,54,34,31,sunny,140,0,0,0,148,296
201903,1030,19,2,88,39,147,2751,178,37,54,9,32,44,91,40,40,27,31,sunny,139,0,0,0,147,294
201903,1030,20,1,61,21,112,547,68,24,26,2,14,23,59,24,64,40,31,sunny,119,0,0,0,112,224
201903,1030,21,1,61,21,112,534,68,24,26,2,14,23,58,24,60,38,31,sunny,119,0,0,0,112,224
201904,1031,1,1,70,32,124,896,80,24,29,3,25,35,78,33,39,23,30,sunny,131,0,0,0,124,248
201904,1031,2,2,91,40,146,2630,163,36,47,8,33,45,92,40,60,40,30,sunny,140,0,0,0,146,292
201904,1031,3,2,88,29,143,2426,153,34,45,8,22,32,72,30,58,38,30,sunny,127,0,0,0,143,286
201904,1031,4,1,73,25,127,1190,94,26,32,4,18,28,66,27,43,26,30,sunny,123,0,0,0,127,254
201904,1031,5,1,80,29,135,1774,122,30,38,6,22,33,73,31,50,31,30,sunny,128,0,0,0,135,270
201904,1031,6,1,79,21,133,1662,117,29,37,6,14,23,59,24,49,30,30,sunny,119,0,0,0,133,266
201904,1031,7,2,85,25,140,2154,140,33,42,7,18,28,66,27,54,35,30,sunny,124,0,0,0,140,280
201904,1031,8,2,89,30,144,2487,156,35,45,8,23,33,74,31,58,38,30,sunny,129,0,0,0,144,288
201904,1031,9,1,68,31,122,798,75,23,28,3,24,34,76,32,38,22,30,sunny,130,0,0,0,122,244
201904,1031,10,1,66,25,120,638,68,22,26,3,18,28,66,28,36,20,30,sunny,124,0,0,0,120,240
201904,1031,11,2,91,25,145,2601,161,36,46,8,18,28,66,28,60,40,30,sunny,124,0,0,0,145,290
201904,1031,12,1,78,25,133,1622,115,29,36,6,18,28,66,27,48,30,30,sunny,124,0,0,0,133,266
201904,1031,13,2,88,30,143,2423,153,34,45,8,23,34,75,32,58,38,30,rainy,129,0,0,0,143,286
201904,1031,14,1,66,27,120,575,65,22,26,3,20,29,68,29,36,20,30,rainy,125,0,0,0,120,240
201904,1031,15,1,79,21,133,1652,116,29,37,6,14,23,58,24,48,30,30,rainy,119,0,0,0,133,266
201904,1031,16,2,87,38,142,2324,148,34,44,8,31,43,88,39,56,37,30,rainy,138,0,0,0,142,284
201904,1031,17,1,72,32,127,1126,91,25,31,4,25,36,78,34,42,25,30,rainy,131,0,0,0,127,254
201904,1031,18,2,94,34,149,2867,174,38,49,9,27,38,81,35,63,42,30,rainy,133,0,0,0,149,298
201904,1031,19,2,93,24,147,2761,169,37,48,9,17,27,64,27,62,41,30,rainy,123,0,0,0,147,294
201904,1031,20,1,66,41,120,644,68,22,26,3,34,46,94,41,36,20,30,rainy,141,0,0,0,120,240
201904,1031,21,1,66,39,120,631,67,22,26,3,32,43,89,39,36,20,30,rainy,138,0,0,0,120,240
201901,1032,1,1,61,28,127,836,63,24,31,4,16,26,57,25,51,32,30,rainy,127,0,0,0,127,254
201901,1032,2,2,89,41,146,2619,160,38,47,9,29,45,90,39,63,42,30,rainy,141,0,0,0,146,292
201901,1032,3,2,86,39,144,2410,148,36,45,9,27,43,86,37,47,29,30,rainy,139,0,0,0,144,288
201901,1032,4,1,66,30,130,1137,79,26,34,5,18,29,62,27,42,25,30,rainy,129,0,0,0,130,260
201901,1032,5,1,75,34,137,1739,112,31,39,6,22,36,74,32,48,30,30,rainy,134,0,0,0,137,274
201901,1032,6,1,73,34,136,1624,106,30,38,6,22,35,72,31,36,20,30,rainy,133,0,0,0,136,272
201901,1032,7,2,82,37,141,2129,133,34,43,8,25,40,81,35,42,25,30,rainy,137,0,0,0,141,282
201901,1032,8,2,87,40,145,2472,152,36,46,9,28,44,88,37,48,30,30,rainy,139,0,0,0,145,290
201901,1032,9,1,59,27,126,734,57,23,31,3,15,25,55,24,50,31,30,rainy,126,0,0,0,126,252
201901,1032,10,1,57,26,124,570,48,22,29,3,14,23,52,23,42,25,30,rainy,125,0,0,0,124,248
201901,1032,11,2,89,41,146,2590,158,37,47,9,29,45,90,38,42,25,30,rainy,140,0,0,0,146,292
201901,1032,12,1,73,33,135,1582,103,30,38,6,21,34,71,31,42,25,30,rainy,133,0,0,0,135,270
201901,1032,13,2,86,39,144,2406,148,36,45,9,27,43,86,37,49,31,30,rainy,139,0,0,0,144,288
201901,1032,14,1,56,26,124,505,45,22,29,3,14,23,51,23,44,26,30,rainy,125,0,0,0,124,248
201901,1032,15,1,73,34,136,1613,105,30,38,6,22,35,71,31,36,20,30,rainy,133,0,0,0,136,272
201901,1032,16,2,84,38,143,2304,143,35,44,8,26,42,84,36,60,40,30,rainy,138,0,0,0,143,286
201901,1032,17,1,65,30,130,1072,76,26,34,4,18,29,61,27,52,33,30,rainy,129,0,0,0,130,260
201901,1032,18,2,93,43,149,2864,173,39,49,10,31,48,95,40,54,35,30,rainy,142,0,0,0,149,298
201901,1032,19,2,92,42,148,2754,167,39,48,10,30,47,93,40,41,24,30,rainy,142,0,0,0,148,296
201901,1032,20,1,57,26,124,576,49,22,29,3,14,23,52,23,64,43,30,rainy,125,0,0,0,124,248
201901,1032,21,1,57,26,124,563,48,22,29,3,14,23,52,23,60,40,30,rainy,125,0,0,0,124,248
201902,1033,1,1,66,35,110,945,54,28,26,3,23,37,76,33,35,26,32.5,rainy,135,1,201902,201903,242,352
201902,1033,2,2,90,42,143,2885,158,38,45,8,30,48,95,40,56,40,32.5,rainy,142,1,201902,201903,270,413
201902,1033,3,2,87,32,139,2658,146,37,42,8,20,33,68,30,54,39,32.5,rainy,132,1,201902,201903,266,405
201902,1033,4,1,70,29,115,1274,72,29,29,4,17,28,61,27,39,29,32.5,rainy,129,1,201902,201903,246,361
201902,1033,5,1,78,33,127,1928,107,33,35,6,21,34,70,31,46,33,32.5,rainy,133,1,201902,201903,256,383
201902,1033,6,1,77,26,125,1803,100,32,34,6,14,23,52,23,45,32,32.5,rainy,125,1,201902,201903,254,379
201902,1033,7,2,84,29,134,2352,130,35,39,7,17,28,61,27,50,37,32.5,rainy,129,1,201902,201903,262,396
201902,1033,8,2,88,33,141,2726,150,37,43,8,21,34,71,31,54,39,32.5,rainy,133,1,201902,201903,267,408
201902,1033,9,1,65,34,108,835,48,27,25,3,22,36,74,32,34,25,32.5,rainy,134,1,201902,201903,240,348
201902,1033,10,1,62,30,105,657,39,26,23,3,18,29,61,27,32,24,32.5,rainy,129,1,201902,201903,238,343
201902,1033,11,2,90,30,143,2854,157,38,44,8,18,29,61,27,56,40,32.5,rainy,129,1,201902,201903,269,412
201902,1033,12,1,76,29,124,1757,98,32,34,6,17,28,61,27,44,32,32.5,rainy,129,1,201902,201903,253,377
201902,1033,13,2,87,34,139,2654,146,37,42,8,22,35,72,31,54,39,32.5,cloudy,133,1,201902,201903,266,405
201902,1033,14,1,62,31,104,585,35,26,23,3,19,30,64,28,32,24,32.5,cloudy,130,1,201902,201903,237,341
201902,1033,15,1,77,26,124,1791,100,32,34,6,14,23,52,23,44,32,32.5,cloudy,125,1,201902,201903,254,378
201902,1033,16,2,86,41,137,2543,140,36,41,8,29,45,90,38,52,38,32.5,cloudy,140,1,201902,201903,265,402
201902,1033,17,1,69,36,114,1202,68,29,28,4,24,38,77,33,38,28,32.5,cloudy,135,1,201902,201903,245,359
201902,1033,18,2,94,37,148,3152,173,40,47,9,25,40,81,35,59,42,32.5,cloudy,137,1,201902,201903,273,421
201902,1033,19,2,92,29,146,3032,166,39,46,9,17,28,59,26,58,42,32.5,cloudy,128,1,201902,201903,272,418
201902,1033,20,1,63,43,105,663,39,26,23,3,31,49,97,41,32,24,32.5,cloudy,143,1,201902,201903,238,343
201902,1033,21,1,62,41,105,649,38,26,23,3,29,46,91,39,32,24,32.5,cloudy,141,1,201902,201903,237,342
201903,1034,1,1,57,26,119,1032,79,30,30,3,17,24,56,25,47,34,32.5,cloudy,127,0,0,0,119,238
201903,1034,2,2,89,41,145,2901,163,39,50,8,33,45,85,41,59,42,32.5,cloudy,138,0,0,0,145,290
201903,1034,3,2,85,40,142,2681,153,38,48,8,31,43,82,39,43,31,32.5,cloudy,137,0,0,0,142,284
201903,1034,4,1,63,29,124,1348,93,32,34,4,19,28,61,28,38,28,32.5,cloudy,129,0,0,0,124,248
201903,1034,5,1,73,34,132,1978,121,34,40,5,25,35,71,33,44,32,32.5,cloudy,132,0,0,0,132,264
201903,1034,6,1,71,33,131,1858,116,34,39,5,24,34,69,32,32,24,32.5,cloudy,132,0,0,0,131,262
201903,1034,7,2,80,37,138,2387,140,36,45,7,28,39,77,37,38,28,32.5,cloudy,135,0,0,0,138,276
201903,1034,8,2,86,40,143,2747,156,38,49,8,32,43,83,40,44,32,32.5,cloudy,137,0,0,0,143,286
201903,1034,9,1,56,25,118,926,74,30,29,2,16,23,54,25,46,33,32.5,cloudy,126,0,0,0,118,236
201903,1034,10,1,53,24,116,754,67,29,27,2,14,21,52,23,38,28,32.5,cloudy,125,0,0,0,116,232
201903,1034,11,2,88,41,145,2870,161,39,50,8,33,45,85,41,38,28,32.5,cloudy,138,0,0,0,145,290
201903,1034,12,1,71,33,130,1814,114,34,39,5,23,33,68,32,38,28,32.5,cloudy,131,0,0,0,130,260
201903,1034,13,2,85,40,142,2677,153,38,48,8,31,43,82,39,45,33,32.5,cloudy,137,0,0,0,142,284
201903,1034,14,1,52,24,115,685,64,29,27,2,14,21,51,23,40,29,32.5,cloudy,125,0,0,0,115,230
201903,1034,15,1,71,33,131,1847,116,34,39,5,24,33,69,32,32,24,32.5,cloudy,132,0,0,0,131,262
201903,1034,16,2,83,39,140,2571,148,37,47,7,30,41,80,38,56,40,32.5,cloudy,136,0,0,0,140,280
201903,1034,17,1,62,28,123,1279,90,31,33,3,19,27,60,28,48,35,32.5,cloudy,128,0,0,0,123,246
201903,1034,18,2,93,43,149,3157,174,40,53,9,35,48,89,43,50,36,32.5,cloudy,140,0,0,0,149,298
201903,1034,19,2,91,42,147,3042,169,39,52,9,34,47,87,42,37,27,32.5,cloudy,139,0,0,0,147,294
201903,1034,20,1,53,24,116,760,67,29,27,2,14,21,52,23,60,43,32.5,cloudy,125,0,0,0,116,232
201903,1034,21,1,53,24,115,746,66,29,27,2,14,21,52,23,56,41,32.5,cloudy,125,0,0,0,115,230
201904,1035,1,1,60,35,118,962,71,26,25,3,26,36,73,34,34,27,33,cloudy,133,0,0,0,118,236
201904,1035,2,2,85,43,137,2724,161,38,49,8,35,48,89,43,55,40,33,cloudy,140,0,0,0,137,274
201904,1035,3,2,82,32,134,2517,150,36,46,8,22,32,66,31,53,38,33,cloudy,131,0,0,0,134,268
201904,1035,4,1,64,28,121,1260,86,28,29,4,18,27,59,27,38,29,33,cloudy,128,0,0,0,121,242
201904,1035,5,1,73,32,127,1854,116,32,37,6,23,33,68,32,45,33,33,cloudy,131,0,0,0,127,254
201904,1035,6,1,71,24,126,1740,111,31,36,6,14,21,52,23,44,33,33,cloudy,125,0,0,0,126,252
201904,1035,7,2,78,28,131,2240,136,35,43,7,19,27,60,27,49,36,33,cloudy,128,0,0,0,131,262
201904,1035,8,2,83,33,135,2578,154,37,47,8,24,33,68,32,53,39,33,cloudy,132,0,0,0,135,270
201904,1035,9,1,59,34,117,861,65,25,24,3,25,35,71,33,33,26,33,cloudy,132,0,0,0,117,234
201904,1035,10,1,56,28,115,700,57,24,21,3,19,27,60,28,31,25,33,cloudy,128,0,0,0,115,230
201904,1035,11,2,85,28,136,2695,160,38,49,8,19,27,60,28,55,40,33,cloudy,128,0,0,0,136,272
201904,1035,12,1,71,28,126,1699,108,31,35,6,19,27,59,27,43,32,33,sunny,128,0,0,0,126,252
201904,1035,13,2,82,33,134,2513,150,36,46,8,24,34,69,33,53,38,33,sunny,132,0,0,0,134,268
201904,1035,14,1,56,30,115,635,54,24,21,3,20,29,62,29,31,25,33,sunny,129,0,0,0,115,230
201904,1035,15,1,71,24,126,1730,110,31,36,6,14,21,51,23,43,33,33,sunny,125,0,0,0,126,252
201904,1035,16,2,81,41,133,2412,145,36,45,8,33,45,85,41,51,37,33,sunny,138,0,0,0,133,266
201904,1035,17,1,64,35,120,1195,83,27,28,4,26,37,73,35,37,29,33,sunny,133,0,0,0,120,240
201904,1035,18,2,89,37,139,2965,174,40,53,9,28,39,77,37,58,42,33,sunny,135,0,0,0,139,278
201904,1035,19,2,87,27,138,2857,168,39,51,9,18,26,58,27,57,41,33,sunny,127,0,0,0,138,276
201904,1035,20,1,57,44,115,705,57,24,22,3,36,49,91,44,31,25,33,sunny,140,0,0,0,115,230
201904,1035,21,1,56,42,115,692,57,24,21,3,33,45,86,41,31,25,33,sunny,138,0,0,0,115,230
201901,1036,1,1,63,26,107,922,62,28,25,3,16,24,60,30,46,34,33,sunny,123,0,0,0,107,214
201901,1036,2,2,86,40,135,2634,160,38,48,8,30,44,86,43,58,41,33,sunny,137,0,0,0,135,270
201901,1036,3,2,83,38,131,2433,148,37,46,8,28,42,83,41,42,31,33,sunny,136,0,0,0,131,262
201901,1036,4,1,67,28,111,1212,78,30,29,4,18,28,65,32,37,28,33,sunny,126,0,0,0,111,222
201901,1036,5,1,74,33,121,1789,111,33,37,5,23,34,73,36,43,32,33,sunny,130,0,0,0,121,242
201901,1036,6,1,73,32,119,1679,105,33,35,5,22,33,72,36,31,25,33,sunny,129,0,0,0,119,238
201901,1036,7,2,79,36,127,2164,133,36,42,7,26,39,79,39,37,28,33,sunny,134,0,0,0,127,254
201901,1036,8,2,84,38,132,2493,152,38,47,8,28,43,84,42,43,32,33,sunny,136,0,0,0,132,264
201901,1036,9,1,62,25,105,825,56,28,24,2,15,23,59,29,45,33,33,sunny,122,0,0,0,105,210
201901,1036,10,1,59,24,103,668,47,27,21,2,14,21,57,28,37,29,33,sunny,121,0,0,0,103,206
201901,1036,11,2,85,39,134,2606,158,38,48,8,29,44,86,43,37,29,33,sunny,137,0,0,0,134,268
201901,1036,12,1,72,32,118,1639,103,33,35,5,22,33,71,35,37,28,33,sunny,129,0,0,0,118,236
201901,1036,13,2,83,38,131,2430,148,37,46,8,28,42,83,41,44,33,33,sunny,136,0,0,0,131,262
201901,1036,14,1,59,24,102,605,44,27,21,2,14,21,56,28,39,30,33,sunny,121,0,0,0,102,204
201901,1036,15,1,73,32,119,1669,105,33,35,5,22,33,72,36,31,25,33,sunny,129,0,0,0,119,238
201901,1036,16,2,82,37,130,2332,142,37,44,7,27,41,81,40,55,40,33,sunny,135,0,0,0,130,260
201901,1036,17,1,66,28,110,1149,75,30,28,3,18,27,64,32,47,35,33,sunny,125,0,0,0,110,220
201901,1036,18,2,89,41,138,2869,173,40,52,9,31,47,90,45,49,36,33,sunny,139,0,0,0,138,276
201901,1036,19,2,87,41,137,2764,167,39,50,9,31,46,88,44,36,28,33,sunny,139,0,0,0,137,274
201901,1036,20,1,59,24,103,673,48,27,22,2,14,21,57,28,59,42,33,sunny,121,0,0,0,103,206
201901,1036,21,1,59,24,102,661,47,27,21,2,14,21,56,28,55,40,33,sunny,121,0,0,0,102,204
201902,1037,1,1,71,34,115,749,63,25,25,3,24,36,75,37,40,24,30.5,sunny,131,0,0,0,115,230
201902,1037,2,2,87,41,136,2604,168,38,48,9,31,47,89,44,56,38,30.5,sunny,139,0,0,0,136,272
201902,1037,3,2,85,31,134,2386,156,36,45,8,21,31,69,34,54,37,30.5,sunny,128,0,0,0,134,268
201902,1037,4,1,74,28,119,1063,81,27,29,4,18,27,63,31,42,27,30.5,sunny,125,0,0,0,119,238
201902,1037,5,1,79,32,126,1688,116,31,36,6,22,32,71,35,48,31,30.5,sunny,129,0,0,0,126,252
201902,1037,6,1,78,24,125,1569,110,31,35,6,14,21,57,28,47,30,30.5,sunny,121,0,0,0,125,250
201902,1037,7,2,83,28,130,2094,139,34,41,7,18,27,63,31,51,35,30.5,sunny,125,0,0,0,130,260
201902,1037,8,2,86,32,134,2451,159,37,46,9,22,33,71,35,55,37,30.5,sunny,129,0,0,0,134,268
201902,1037,9,1,71,33,114,644,57,24,24,2,23,34,73,36,39,23,30.5,sunny,130,0,0,0,114,228
201902,1037,10,1,69,28,112,473,48,23,21,2,18,27,64,32,37,22,30.5,sunny,125,0,0,0,112,224
201902,1037,11,2,87,28,136,2573,166,38,47,9,18,27,64,32,56,38,30.5,sunny,125,0,0,0,136,272
201902,1037,12,1,78,28,124,1525,107,30,34,5,18,27,63,31,46,30,30.5,cloudy,125,0,0,0,124,248
201902,1037,13,2,85,32,134,2382,156,36,45,8,22,33,72,36,54,37,30.5,cloudy,130,0,0,0,134,268
201902,1037,14,1,69,29,112,405,44,23,21,2,19,29,66,33,37,22,30.5,cloudy,126,0,0,0,112,224
201902,1037,15,1,78,24,124,1558,109,31,35,6,14,21,56,28,47,30,30.5,cloudy,121,0,0,0,124,248
201902,1037,16,2,84,39,132,2276,150,35,44,8,29,44,86,43,53,36,30.5,cloudy,137,0,0,0,132,264
201902,1037,17,1,74,34,118,995,77,27,28,4,24,36,76,38,42,26,30.5,cloudy,132,0,0,0,118,236
201902,1037,18,2,89,36,139,2858,182,40,51,10,26,38,79,39,58,40,30.5,cloudy,133,0,0,0,139,278
201902,1037,19,2,88,27,138,2744,176,39,49,10,17,26,62,31,57,40,30.5,cloudy,124,0,0,0,138,276
201902,1037,20,1,69,42,112,479,48,23,21,2,32,48,91,45,37,22,30.5,cloudy,140,0,0,0,112,224
201902,1037,21,1,69,40,112,466,47,23,21,2,30,45,86,43,37,22,30.5,cloudy,138,0,0,0,112,224
201903,1038,1,1,67,25,110,776,55,28,29,4,16,24,58,28,49,32,30.5,cloudy,125,0,0,0,110,220
201903,1038,2,2,86,43,135,2773,167,38,48,9,32,43,86,42,58,40,30.5,cloudy,135,0,0,0,135,270
201903,1038,3,2,84,41,132,2539,153,37,46,9,30,40,82,41,45,29,30.5,cloudy,134,0,0,0,132,264
201903,1038,4,1,70,28,114,1114,74,29,32,5,19,27,62,31,41,26,30.5,cloudy,127,0,0,0,114,228
201903,1038,5,1,77,34,123,1787,111,33,39,6,24,33,72,35,46,30,30.5,cloudy,130,0,0,0,123,246
201903,1038,6,1,76,33,121,1659,104,32,38,6,23,32,70,34,37,22,30.5,cloudy,130,0,0,0,121,242
201903,1038,7,2,81,38,128,2225,136,35,43,8,28,37,78,39,42,26,30.5,cloudy,133,0,0,0,128,256
201903,1038,8,2,85,41,133,2609,157,37,47,9,31,41,83,41,47,30,30.5,cloudy,135,0,0,0,133,266
201903,1038,9,1,66,24,109,662,48,27,28,3,16,23,56,27,48,31,30.5,cloudy,125,0,0,0,109,218
201903,1038,10,1,64,22,106,479,38,26,26,3,14,21,54,26,42,26,30.5,cloudy,124,0,0,0,106,212
201903,1038,11,2,86,42,135,2740,165,38,48,9,32,42,85,42,42,26,30.5,cloudy,135,0,0,0,135,270
201903,1038,12,1,75,32,121,1612,101,32,37,6,23,32,69,34,42,26,30.5,cloudy,130,0,0,0,121,242
201903,1038,13,2,84,41,132,2535,153,37,46,9,30,40,82,41,47,31,30.5,cloudy,134,0,0,0,132,264
201903,1038,14,1,64,22,106,405,34,26,26,3,14,21,53,26,43,27,30.5,cloudy,124,0,0,0,106,212
201903,1038,15,1,76,33,121,1647,103,32,38,6,23,32,70,34,37,22,30.5,cloudy,130,0,0,0,121,242
201903,1038,16,2,83,40,131,2421,147,36,45,8,29,39,81,40,56,38,30.5,cloudy,134,0,0,0,131,262
201903,1038,17,1,70,27,114,1040,69,29,32,4,19,26,61,30,49,33,30.5,cloudy,127,0,0,0,114,228
201903,1038,18,2,89,45,139,3047,182,40,51,10,34,45,89,44,51,34,30.5,cloudy,137,0,0,0,139,278
201903,1038,19,2,88,44,137,2924,175,39,50,10,33,44,88,44,41,25,30.5,cloudy,136,0,0,0,137,274
201903,1038,20,1,64,22,107,485,38,26,26,3,14,21,54,26,59,41,30.5,cloudy,124,0,0,0,107,214
201903,1038,21,1,64,22,106,471,37,26,26,3,14,21,53,26,56,39,30.5,cloudy,124,0,0,0,106,212
201904,1039,1,1,67,35,119,854,72,25,32,3,25,35,74,36,35,24,31,cloudy,131,0,0,0,119,238
201904,1039,2,2,85,45,137,2787,170,40,53,9,34,45,89,44,55,39,31,cloudy,137,0,0,0,137,274
201904,1039,3,2,83,31,135,2560,158,39,51,8,22,30,67,33,53,38,31,cloudy,129,0,0,0,135,270
201904,1039,4,1,70,27,122,1181,88,28,36,4,18,26,61,30,39,27,31,cloudy,127,0,0,0,122,244
201904,1039,5,1,76,32,128,1833,121,33,43,6,23,31,69,34,45,32,31,cloudy,129,0,0,0,128,256
201904,1039,6,1,75,22,127,1708,115,32,42,6,14,21,54,26,44,31,31,cloudy,124,0,0,0,127,254
201904,1039,7,2,80,27,132,2256,143,36,47,7,18,26,61,30,50,35,31,cloudy,127,0,0,0,132,264
201904,1039,8,2,83,32,135,2628,162,39,51,9,23,32,70,34,54,38,31,cloudy,130,0,0,0,135,270
201904,1039,9,1,66,34,118,744,66,24,31,2,24,33,72,35,34,23,31,cloudy,130,0,0,0,118,236
201904,1039,10,1,64,27,116,566,57,23,29,2,19,27,62,30,32,22,31,cloudy,127,0,0,0,116,232
201904,1039,11,2,84,27,136,2755,168,40,53,9,19,27,62,30,55,39,31,cloudy,127,0,0,0,136,272
201904,1039,12,1,74,27,126,1663,113,32,41,5,18,26,61,30,44,31,31,sunny,127,0,0,0,126,252
201904,1039,13,2,83,33,135,2556,158,39,51,8,24,32,70,35,53,38,31,sunny,130,0,0,0,135,270
201904,1039,14,1,64,29,116,495,54,23,29,2,20,28,64,31,32,22,31,sunny,128,0,0,0,116,232
201904,1039,15,1,75,22,127,1697,115,32,41,6,14,21,53,26,44,31,31,sunny,124,0,0,0,127,254
201904,1039,16,2,82,42,134,2446,152,38,49,8,32,42,85,42,52,37,31,sunny,135,0,0,0,134,268
201904,1039,17,1,69,35,121,1110,85,27,35,4,26,35,74,37,38,26,31,sunny,131,0,0,0,121,242
201904,1039,18,2,87,38,139,3052,183,42,56,10,28,37,78,38,58,41,31,sunny,132,0,0,0,139,278
201904,1039,19,2,86,26,138,2933,177,41,55,10,18,25,60,29,57,40,31,sunny,126,0,0,0,138,276
201904,1039,20,1,64,46,116,572,58,23,29,2,35,46,91,45,32,22,31,sunny,137,0,0,0,116,232
201904,1039,21,1,64,43,116,558,57,23,29,2,32,43,86,43,32,22,31,sunny,136,0,0,0,116,232
201901,1040,1,1,58,26,120,1027,71,26,32,3,18,24,64,25,47,33,31,sunny,128,2,201901,201902,236,356
201901,1040,2,2,83,42,142,2817,161,40,51,8,32,41,93,39,58,41,31,sunny,149,2,201901,201902,268,410
201901,1040,3,2,80,40,139,2607,150,39,48,8,31,39,90,37,42,30,31,sunny,146,2,201901,201902,265,404
201901,1040,4,1,62,29,123,1330,86,29,35,4,21,27,69,27,38,26,31,sunny,131,2,201901,201902,241,364
201901,1040,5,1,71,34,131,1934,116,33,41,5,25,32,79,32,43,30,31,sunny,138,2,201901,201902,252,383
201901,1040,6,1,69,33,129,1818,111,32,40,5,24,31,77,31,32,22,31,sunny,137,2,201901,201902,250,379
201901,1040,7,2,76,38,136,2326,136,37,45,7,29,36,85,35,38,26,31,sunny,143,2,201901,201902,259,395
201901,1040,8,2,81,41,140,2670,154,39,49,8,31,39,91,37,44,31,31,sunny,147,2,201901,201902,266,406
201901,1040,9,1,57,26,118,925,65,25,31,2,17,23,62,24,45,32,31,sunny,126,2,201901,201902,234,352
201901,1040,10,1,54,24,116,761,57,24,29,2,16,21,60,23,38,26,31,sunny,124,2,201901,201902,231,347
201901,1040,11,2,83,42,141,2788,160,40,50,8,32,41,93,38,38,26,31,sunny,149,2,201901,201902,268,409
201901,1040,12,1,69,33,129,1776,108,32,40,5,24,31,76,31,38,26,31,sunny,136,2,201901,201902,249,378
201901,1040,13,2,80,40,139,2604,150,39,48,8,31,39,90,37,44,31,31,sunny,146,2,201901,201902,265,404
201901,1040,14,1,54,24,116,695,54,24,29,2,16,21,59,23,40,28,31,sunny,124,2,201901,201902,230,346
201901,1040,15,1,69,33,129,1808,110,32,40,5,24,31,77,31,32,22,31,sunny,137,2,201901,201902,250,379
201901,1040,16,2,79,39,138,2501,145,38,47,7,30,38,88,36,55,39,31,sunny,145,2,201901,201902,263,401
201901,1040,17,1,62,29,123,1264,83,28,34,3,20,26,68,27,47,33,31,sunny,130,2,201901,201902,240,363
201901,1040,18,2,87,44,145,3063,174,42,53,9,34,43,97,40,49,35,31,sunny,152,2,201901,201902,273,418
201901,1040,19,2,85,43,143,2953,168,42,52,9,34,42,95,40,37,25,31,sunny,151,2,201901,201902,271,414
201901,1040,20,1,55,24,116,766,57,24,29,2,16,21,60,23,59,42,31,sunny,124,2,201901,201902,231,347
201901,1040,21,1,54,24,116,753,57,24,29,2,16,21,60,23,56,40,31,sunny,124,2,201901,201902,231,347
201902,1041,1,1,64,35,129,897,76,28,29,2,26,33,81,33,37,26,33,sunny,140,0,0,0,129,258
201902,1041,2,2,84,44,149,2795,162,41,50,8,34,43,97,40,58,42,33,sunny,152,0,0,0,149,298
201902,1041,3,2,82,32,147,2572,152,39,47,7,23,30,74,30,56,40,33,sunny,135,0,0,0,147,294
201902,1041,4,1,68,28,133,1218,90,30,32,3,20,26,67,27,41,29,33,sunny,130,0,0,0,133,266
201902,1041,5,1,74,33,139,1858,119,34,39,5,24,31,76,31,48,34,33,sunny,136,0,0,0,139,278
201902,1041,6,1,73,24,138,1736,114,34,38,5,16,21,60,23,47,33,33,sunny,124,0,0,0,138,276
201902,1041,7,2,79,28,144,2273,138,37,44,6,20,26,68,27,52,38,33,sunny,130,0,0,0,144,288
201902,1041,8,2,83,33,148,2638,155,40,48,8,24,31,76,31,56,41,33,sunny,137,0,0,0,148,296
201902,1041,9,1,63,34,128,789,71,27,27,1,25,32,79,32,36,26,33,sunny,138,0,0,0,128,256
201902,1041,10,1,61,29,126,615,63,26,25,1,20,26,68,27,34,24,33,sunny,130,0,0,0,126,252
201902,1041,11,2,84,29,149,2763,161,41,50,8,20,26,68,27,58,42,33,sunny,130,0,0,0,149,298
201902,1041,12,1,73,28,138,1691,112,33,37,4,20,26,67,27,46,33,33,cloudy,130,0,0,0,138,276
201902,1041,13,2,82,34,147,2568,152,39,47,7,25,32,77,31,56,40,33,cloudy,137,0,0,0,147,294
201902,1041,14,1,61,30,126,545,60,26,25,1,21,27,70,28,34,24,33,cloudy,132,0,0,0,126,252
201902,1041,15,1,73,24,138,1725,113,34,38,5,16,21,59,23,46,33,33,cloudy,124,0,0,0,138,276
201902,1041,16,2,81,42,146,2460,147,38,46,7,32,41,93,38,54,39,33,cloudy,149,0,0,0,146,292
201902,1041,17,1,67,36,132,1148,87,30,31,3,27,34,81,33,40,29,33,cloudy,140,0,0,0,132,264
201902,1041,18,2,87,38,152,3055,174,43,53,9,28,36,85,35,61,44,33,cloudy,143,0,0,0,152,304
201902,1041,19,2,86,28,151,2938,169,42,52,9,19,25,66,26,60,43,33,cloudy,129,0,0,0,151,302
201902,1041,20,1,61,45,126,621,63,26,25,1,35,44,99,41,34,24,33,cloudy,153,0,0,0,126,252
201902,1041,21,1,61,42,126,607,63,26,25,1,33,41,94,39,34,24,33,cloudy,149,0,0,0,126,252
201903,1042,1,1,60,27,129,923,77,29,28,1,21,27,58,25,49,35,33,cloudy,125,0,0,0,129,258
201903,1042,2,2,83,45,149,2799,171,41,49,6,33,41,92,41,61,44,33,cloudy,148,0,0,0,149,298
201903,1042,3,2,81,43,147,2579,160,39,47,6,31,40,88,39,45,32,33,cloudy,146,0,0,0,147,294
201903,1042,4,1,64,30,133,1241,93,31,32,2,23,30,64,28,40,28,33,cloudy,129,0,0,0,133,266
201903,1042,5,1,72,36,139,1873,124,35,39,4,27,34,75,33,46,33,33,cloudy,137,0,0,0,139,278
201903,1042,6,1,70,35,138,1752,118,34,38,4,26,33,73,32,34,24,33,cloudy,135,0,0,0,138,276
201903,1042,7,2,77,40,144,2284,145,38,43,5,30,38,83,37,40,28,33,cloudy,142,0,0,0,144,288
201903,1042,8,2,82,43,148,2645,163,40,47,6,32,40,89,40,46,33,33,cloudy,147,0,0,0,148,296
201903,1042,9,1,59,26,128,816,72,28,27,1,20,26,56,25,48,34,33,cloudy,124,0,0,0,128,256
201903,1042,10,1,56,24,126,644,63,27,25,1,19,25,53,23,40,29,33,cloudy,121,0,0,0,126,252
201903,1042,11,2,83,44,149,2768,169,41,49,6,33,41,92,41,40,29,33,cloudy,148,0,0,0,149,298
201903,1042,12,1,70,34,138,1708,116,34,37,4,26,33,72,32,40,28,33,cloudy,135,0,0,0,138,276
201903,1042,13,2,81,43,147,2575,159,39,47,6,31,40,88,39,47,34,33,cloudy,146,0,0,0,147,294
201903,1042,14,1,56,24,126,575,60,27,25,1,19,25,52,23,42,30,33,cloudy,121,0,0,0,126,252
201903,1042,15,1,70,35,138,1741,118,34,37,4,26,33,73,32,34,24,33,cloudy,135,0,0,0,138,276
201903,1042,16,2,79,42,146,2468,154,39,45,6,31,39,86,38,58,42,33,cloudy,144,0,0,0,146,292
201903,1042,17,1,63,29,132,1171,89,30,31,2,22,29,62,28,50,36,33,cloudy,128,0,0,0,132,264
201903,1042,18,2,87,47,152,3057,183,43,52,7,35,43,97,43,52,38,33,cloudy,152,0,0,0,152,304
201903,1042,19,2,85,46,151,2941,178,42,51,7,34,43,95,42,39,28,33,cloudy,150,0,0,0,151,302
201903,1042,20,1,57,24,126,650,64,27,25,1,19,25,53,23,62,45,33,cloudy,122,0,0,0,126,252
201903,1042,21,1,56,24,126,636,63,27,25,1,19,25,53,23,58,42,33,cloudy,121,0,0,0,126,252
201904,1043,1,1,51,37,117,1010,82,24,31,1,28,35,77,34,41,24,31,cloudy,138,0,0,0,117,234
201904,1043,2,2,82,47,147,2814,171,40,50,5,34,43,97,43,59,40,31,cloudy,151,0,0,0,147,294
201904,1043,3,2,78,33,144,2603,161,38,47,4,25,32,70,31,57,38,31,cloudy,133,0,0,0,144,288
201904,1043,4,1,56,29,122,1315,97,27,34,2,22,29,62,27,44,27,31,cloudy,128,0,0,0,122,244
201904,1043,5,1,67,34,132,1923,127,32,40,3,26,33,72,32,50,32,31,cloudy,134,0,0,0,132,264
201904,1043,6,1,65,24,130,1807,122,31,39,3,19,25,53,23,49,31,31,cloudy,121,0,0,0,130,260
201904,1043,7,2,74,29,139,2319,147,36,44,4,22,29,62,27,54,36,31,cloudy,128,0,0,0,139,278
201904,1043,8,2,79,34,145,2666,164,39,48,4,26,33,73,32,57,39,31,cloudy,135,0,0,0,145,290
201904,1043,9,1,50,36,115,907,77,24,30,1,27,34,75,33,40,24,31,cloudy,137,0,0,0,115,230
201904,1043,10,1,47,29,113,741,69,22,28,1,22,29,63,28,38,22,31,cloudy,128,0,0,0,113,226
201904,1043,11,2,81,29,147,2785,170,40,49,5,22,29,63,28,58,40,31,cloudy,128,0,0,0,147,294
201904,1043,12,1,64,29,130,1765,120,31,39,3,22,29,62,27,48,31,31,sunny,128,0,0,0,130,260
201904,1043,13,2,78,35,144,2599,161,38,47,4,26,34,74,33,57,38,31,sunny,136,0,0,0,144,288
201904,1043,14,1,46,31,112,675,66,22,28,1,23,30,65,29,38,22,31,sunny,130,0,0,0,112,224
201904,1043,15,1,65,24,130,1797,121,31,39,3,19,25,53,23,49,31,31,sunny,121,0,0,0,130,260
201904,1043,16,2,77,44,142,2496,156,37,46,4,33,41,92,41,56,37,31,sunny,148,0,0,0,142,284
201904,1043,17,1,55,37,121,1248,94,27,33,2,28,36,78,35,43,27,31,sunny,139,0,0,0,121,242
201904,1043,18,2,86,40,151,3062,184,42,52,5,29,37,82,37,61,42,31,sunny,142,0,0,0,151,302
201904,1043,19,2,84,28,149,2951,178,41,51,5,22,28,60,27,60,41,31,sunny,127,0,0,0,149,298
201904,1043,20,1,47,48,113,747,69,22,28,1,35,44,99,44,38,22,31,sunny,153,0,0,0,113,226
201904,1043,21,1,47,45,113,734,69,22,28,1,33,42,93,41,38,22,31,sunny,149,0,0,0,113,226
201901,1044,1,1,47,28,125,983,65,29,27,2,20,26,57,30,51,33,31,sunny,125,0,0,0,125,250
201901,1044,2,2,83,43,157,2645,168,39,49,8,30,43,87,43,61,42,31,sunny,147,0,0,0,157,314
201901,1044,3,2,79,42,153,2450,156,37,46,7,29,41,84,41,47,30,31,sunny,144,0,0,0,153,306
201901,1044,4,1,53,31,130,1264,82,31,30,3,22,29,62,32,43,26,31,sunny,128,0,0,0,130,260
201901,1044,5,1,65,36,141,1824,117,34,38,5,25,34,72,36,48,31,31,sunny,136,0,0,0,141,282
201901,1044,6,1,63,35,139,1717,111,33,36,5,25,33,70,36,38,22,31,sunny,134,0,0,0,139,278
201901,1044,7,2,73,39,148,2188,140,36,43,6,28,38,79,39,43,26,31,sunny,141,0,0,0,148,296
201901,1044,8,2,80,42,154,2508,160,38,47,8,30,41,85,42,48,31,31,sunny,145,0,0,0,154,308
201901,1044,9,1,45,27,123,888,59,29,25,1,20,25,55,29,50,32,31,sunny,123,0,0,0,123,246
201901,1044,10,1,42,26,120,736,50,28,23,1,19,23,53,28,43,27,31,sunny,121,0,0,0,120,240
201901,1044,11,2,82,43,156,2618,167,38,48,8,30,43,87,43,43,27,31,sunny,146,0,0,0,156,312
201901,1044,12,1,62,35,138,1678,108,33,36,4,25,33,70,35,43,26,31,sunny,134,0,0,0,138,276
201901,1044,13,2,79,42,153,2446,156,37,46,7,29,41,84,41,49,32,31,sunny,144,0,0,0,153,306
201901,1044,14,1,41,26,119,674,46,28,23,1,19,23,52,28,45,28,31,sunny,121,0,0,0,119,238
201901,1044,15,1,63,35,139,1708,110,33,36,5,25,33,70,36,38,22,31,sunny,134,0,0,0,139,278
201901,1044,16,2,77,41,151,2351,150,37,45,7,29,40,82,40,58,40,31,sunny,143,0,0,0,151,302
201901,1044,17,1,52,30,129,1203,79,30,30,3,22,28,61,32,51,34,31,sunny,128,0,0,0,129,258
201901,1044,18,2,88,45,161,2873,183,40,52,2,32,45,91,45,54,36,31,sunny,150,0,0,0,161,322
201901,1044,19,2,86,44,159,2771,176,39,50,3,31,44,89,44,42,26,31,sunny,148,0,0,0,159,318
201901,1044,20,1,42,26,120,741,50,28,23,1,19,23,53,28,62,43,31,sunny,121,0,0,0,120,240
201901,1044,21,1,42,26,120,729,49,28,23,1,19,23,53,28,59,40,31,sunny,121,0,0,0,120,240
201902,1045,1,1,39,37,133,844,62,27,29,1,26,35,74,37,38,23,29.5,sunny,137,0,0,0,133,266
201902,1045,2,2,81,45,158,2620,151,41,48,6,32,45,91,44,57,37,29.5,sunny,150,0,0,0,158,316
201902,1045,3,2,76,34,155,2412,141,40,46,5,24,32,68,34,55,36,29.5,sunny,132,0,0,0,155,310
201902,1045,4,1,46,30,137,1145,77,30,32,2,22,28,61,31,41,26,29.5,sunny,127,0,0,0,137,274
201902,1045,5,1,60,34,146,1744,107,34,39,3,24,33,69,35,48,30,29.5,sunny,134,0,0,0,146,292
201902,1045,6,1,57,26,144,1629,102,33,38,3,19,23,53,28,47,29,29.5,sunny,121,0,0,0,144,288
201902,1045,7,2,70,30,151,2133,127,38,43,4,22,28,61,31,52,34,29.5,sunny,127,0,0,0,151,302
201902,1045,8,2,78,35,156,2474,144,40,47,5,25,33,70,35,56,36,29.5,sunny,134,0,0,0,156,312
201902,1045,9,1,36,36,132,743,57,26,28,1,25,34,72,36,37,22,29.5,sunny,136,0,0,0,132,264
201902,1045,10,1,32,30,129,580,49,25,26,1,22,28,61,32,35,21,29.5,sunny,128,0,0,0,129,258
201902,1045,11,2,81,30,158,2591,150,41,48,6,22,28,61,32,57,37,29.5,sunny,128,0,0,0,158,316
201902,1045,12,1,56,30,144,1588,100,33,37,3,22,28,61,31,46,29,29.5,cloudy,127,0,0,0,144,288
201902,1045,13,2,76,35,155,2408,141,40,46,5,25,34,71,36,55,36,29.5,cloudy,135,0,0,0,155,310
201902,1045,14,1,31,32,129,515,46,25,26,1,23,29,64,33,35,21,29.5,cloudy,129,0,0,0,129,258
201902,1045,15,1,57,26,144,1619,101,33,38,3,19,23,52,28,47,29,29.5,cloudy,121,0,0,0,144,288
201902,1045,16,2,74,43,154,2307,136,39,45,5,30,43,87,43,54,35,29.5,cloudy,146,0,0,0,154,308
201902,1045,17,1,44,37,137,1079,74,29,32,2,26,36,75,38,41,25,29.5,cloudy,138,0,0,0,137,274
201902,1045,18,2,87,39,162,2864,164,43,51,6,27,38,78,39,60,39,29.5,cloudy,140,0,0,0,162,324
201902,1045,19,2,85,29,160,2755,158,43,50,6,21,27,59,31,59,39,29.5,cloudy,126,0,0,0,160,320
201902,1045,20,1,32,46,130,586,49,25,26,1,32,46,93,45,35,21,29.5,cloudy,151,0,0,0,130,260
201902,1045,21,1,32,44,129,573,49,25,26,1,31,43,88,43,35,21,29.5,cloudy,147,0,0,0,129,258
201903,1046,1,1,56,27,126,887,60,30,26,2,21,29,63,26,49,31,29.5,cloudy,124,1,201903,201904,245,371
201903,1046,2,2,84,44,157,2628,167,42,48,7,35,43,91,42,60,39,29.5,cloudy,143,1,201903,201904,274,431
201903,1046,3,2,81,42,153,2424,155,40,45,7,34,41,88,40,45,28,29.5,cloudy,141,1,201903,201904,271,424
201903,1046,4,1,61,30,131,1182,78,32,29,3,24,31,68,29,40,25,29.5,cloudy,127,1,201903,201904,250,381
201903,1046,5,1,70,35,142,1769,114,36,37,4,28,36,77,34,46,29,29.5,cloudy,134,1,201903,201904,260,402
201903,1046,6,1,68,34,140,1657,107,35,35,4,27,35,75,33,35,21,29.5,cloudy,133,1,201903,201904,258,398
201903,1046,7,2,77,39,149,2150,138,39,42,6,32,39,84,38,40,25,29.5,cloudy,138,1,201903,201904,266,415
201903,1046,8,2,82,42,154,2485,159,41,46,7,34,41,89,41,46,29,29.5,cloudy,142,1,201903,201904,272,426
201903,1046,9,1,54,26,125,789,54,29,24,1,20,28,61,26,48,30,29.5,cloudy,123,1,201903,201904,243,368
201903,1046,10,1,52,24,122,629,44,28,22,1,19,27,59,24,41,25,29.5,cloudy,121,1,201903,201904,241,363
201903,1046,11,2,84,44,156,2600,166,42,47,7,35,42,91,42,41,25,29.5,cloudy,143,1,201903,201904,274,430
201903,1046,12,1,68,34,139,1616,105,35,35,4,27,35,75,33,40,25,29.5,cloudy,132,1,201903,201904,257,396
201903,1046,13,2,81,42,153,2420,155,40,45,7,34,41,88,40,47,30,29.5,cloudy,141,1,201903,201904,271,424
201903,1046,14,1,51,24,121,565,40,28,22,1,19,27,58,24,42,26,29.5,cloudy,121,1,201903,201904,240,361
201903,1046,15,1,68,34,140,1647,107,35,35,4,27,35,75,33,35,21,29.5,cloudy,133,1,201903,201904,258,398
201903,1046,16,2,79,41,152,2321,148,40,44,6,33,40,86,39,57,37,29.5,cloudy,140,1,201903,201904,269,421
201903,1046,17,1,60,29,130,1118,74,31,29,2,23,31,67,29,50,32,29.5,cloudy,127,1,201903,201904,249,379
201903,1046,18,2,88,46,161,2867,182,44,51,8,37,44,95,44,52,33,29.5,cloudy,146,1,201903,201904,278,439
201903,1046,19,2,87,45,159,2760,176,43,49,8,37,44,94,43,40,24,29.5,cloudy,145,1,201903,201904,276,435
201903,1046,20,1,52,24,122,634,44,28,22,1,19,27,59,24,61,40,29.5,cloudy,121,1,201903,201904,241,363
201903,1046,21,1,52,24,122,622,43,28,22,1,19,27,59,24,58,38,29.5,cloudy,121,1,201903,201904,241,363
201904,1047,1,1,62,36,124,928,58,26,25,1,29,37,79,35,41,26,31,cloudy,135,0,0,0,124,248
201904,1047,2,2,85,46,148,2882,155,41,45,6,37,44,95,44,57,39,31,cloudy,146,0,0,0,148,296
201904,1047,3,2,83,33,145,2653,143,40,43,5,26,34,73,32,55,37,31,cloudy,131,0,0,0,145,290
201904,1047,4,1,66,29,128,1259,74,29,29,2,23,31,66,28,44,28,31,cloudy,126,0,0,0,128,256
201904,1047,5,1,74,34,136,1917,107,34,35,3,27,35,74,33,49,32,31,cloudy,132,0,0,0,136,272
201904,1047,6,1,72,24,135,1792,101,33,34,3,19,27,59,24,48,32,31,cloudy,121,0,0,0,135,270
201904,1047,7,2,79,29,142,2346,128,37,40,4,23,31,66,28,53,35,31,cloudy,126,0,0,0,142,284
201904,1047,8,2,84,34,146,2721,147,40,44,5,27,35,75,33,56,38,31,cloudy,132,0,0,0,146,292
201904,1047,9,1,61,35,123,817,52,25,24,1,28,36,77,34,41,25,31,cloudy,134,0,0,0,123,246
201904,1047,10,1,58,29,120,637,43,24,22,1,23,31,67,29,39,24,31,cloudy,127,0,0,0,120,240
201904,1047,11,2,85,29,148,2850,153,41,45,6,23,31,67,29,57,39,31,cloudy,127,0,0,0,148,296
201904,1047,12,1,72,29,134,1746,98,33,34,3,23,31,66,28,48,31,31,sunny,126,0,0,0,134,268
201904,1047,13,2,83,35,145,2649,143,40,43,5,28,35,76,34,55,37,31,sunny,133,0,0,0,145,290
201904,1047,14,1,58,30,120,565,40,24,22,1,24,32,69,30,39,24,31,sunny,128,0,0,0,120,240
201904,1047,15,1,72,24,135,1780,100,33,34,3,19,27,58,24,48,32,31,sunny,121,0,0,0,135,270
201904,1047,16,2,81,44,144,2537,138,39,42,5,35,42,91,42,54,36,31,sunny,143,0,0,0,144,288
201904,1047,17,1,65,37,127,1187,71,28,28,2,30,37,80,36,44,28,31,sunny,136,0,0,0,127,254
201904,1047,18,2,89,39,152,3150,168,43,48,6,31,39,83,38,59,41,31,sunny,138,0,0,0,152,304
201904,1047,19,2,87,28,150,3030,162,42,47,6,22,30,65,28,58,40,31,sunny,126,0,0,0,150,300
201904,1047,20,1,59,47,121,643,44,24,22,1,38,45,97,45,39,24,31,sunny,147,0,0,0,121,242
201904,1047,21,1,58,44,120,629,43,24,22,1,36,43,92,42,39,24,31,sunny,144,0,0,0,120,240
201901,1048,1,1,60,25,135,876,49,31,32,3,21,24,59,24,50,33,31,sunny,124,0,0,0,135,270
201901,1048,2,2,85,44,163,2873,153,42,53,7,32,42,91,42,59,40,31,sunny,142,0,0,0,163,326
201901,1048,3,2,82,41,159,2639,141,41,50,6,31,40,87,40,47,30,31,sunny,140,0,0,0,159,318
201901,1048,4,1,64,28,139,1214,67,33,35,4,23,27,65,27,43,27,31,sunny,127,0,0,0,139,278
201901,1048,5,1,73,34,149,1887,102,36,42,5,26,33,75,33,48,31,31,sunny,133,0,0,0,149,298
201901,1048,6,1,71,33,147,1759,95,36,41,5,26,32,73,32,39,24,31,sunny,132,0,0,0,147,294
201901,1048,7,2,78,38,155,2325,125,39,47,6,29,37,82,37,43,27,31,sunny,137,0,0,0,155,310
201901,1048,8,2,83,42,160,2709,145,41,51,6,31,40,88,40,48,31,31,sunny,140,0,0,0,160,320
201901,1048,9,1,59,24,133,762,43,30,30,3,20,23,58,23,49,32,31,sunny,123,0,0,0,133,266
201901,1048,10,1,56,22,131,579,34,29,28,3,19,21,55,21,44,28,31,sunny,121,0,0,0,131,262
201901,1048,11,2,85,43,162,2840,152,42,53,7,32,41,90,41,44,28,31,sunny,141,0,0,0,162,324
201901,1048,12,1,71,33,146,1712,93,35,40,5,25,31,73,31,43,27,31,sunny,131,0,0,0,146,292
201901,1048,13,2,82,41,159,2635,141,41,50,6,31,40,87,40,49,32,31,sunny,140,0,0,0,159,318
201901,1048,14,1,56,22,130,505,30,29,28,3,19,21,54,21,45,29,31,sunny,121,0,0,0,130,260
201901,1048,15,1,71,33,147,1747,95,36,41,5,26,32,73,32,39,24,31,sunny,132,0,0,0,147,294
201901,1048,16,2,81,40,158,2521,135,40,49,6,30,39,85,39,57,39,31,sunny,139,0,0,0,158,316
201901,1048,17,1,64,27,138,1140,63,32,34,4,22,26,64,26,51,34,31,sunny,126,0,0,0,138,276
201901,1048,18,2,89,46,166,3147,168,44,56,7,34,44,95,44,53,35,31,sunny,144,0,0,0,166,332
201901,1048,19,2,87,45,165,3024,161,43,55,7,33,43,93,43,43,27,31,sunny,143,0,0,0,165,330
201901,1048,20,1,57,22,131,585,34,29,28,3,19,21,55,21,60,41,31,sunny,121,0,0,0,131,262
201901,1048,21,1,56,22,130,571,33,29,28,3,19,21,55,21,57,39,31,sunny,121,0,0,0,130,260
